rating,text
10,아이가 티니핑 졸업 한 줄 알고 여름 개봉 때 보여주지 않았어요. 뒤늦게 보고 싶다고 졸라서 아쉬워하던 찰나 이렇게 영화관에서 보게되어 감사했답니다. 아이도 너무 좋아했구요♡
10,특가에다가 영화관을 전세낸듯이 봐서 너무 좋았습니다. 최근에 티니핑에 관심이 가는 어른이라.. 영상도 이쁘고 좋았네요
10,아이가 좋아해요 5세 아이도 잘 이해하고 슬퍼서 울더라구요
8,처음본순간나는빠져버렸어
10,너무 재밌었다네요 아이가
10,왜 사람들이 감탄하는지 알겠다.
9,아이가 많이 재미있어 하네요^^
10,아이들이 좋아하네요
10,"극장 상영 때 놓쳐서 아쉬웠는데, 딸아이와 재미나게 봤네요."
10,생각보다 슬프고 재미있었다
10,노래도 좋고 재밌어요!
10,아이들이 너무 재밌게봤어요
10,너무 잼게 봤어요.
10,너무귀여운하츄핑아이들이진짜좋아했어요
10,Very Very good
10,미취학에겐 단연!!!!
10,어른임에도 불구하고 천둥 치는 부분은 무서웠어요. 함께 보던 아이가 무서워하며 결국 영화관을 나가는 모습이 아직도 눈에 아른거립니다.. 노래는 참 좋아요. 성우님 목소리 짱 !!
10,초딩딸이 엄청 재밌었데요
8,어린이들에게 최고.
10,사랑의 하츄핑 아이가 참좋아합니다
10,"10살남아, 8살여아, 40대엄마와 함께 관람했습니다. 어른도 동심의세계 졸지안고 재밌게 봤네요~ 내용도 의리가 있고 뮤지컬 느낌의 뮤직도 좋았어요."
10,동생이랑 같이 시사회 갔는데 너무 재밌었어요 동생은 즐기는데 옆에서 제가 울 뻔
8,"음악이 진짜 좋네요. 배경도 예쁘고, 루미와 하츄핑도 넘 귀엽네요. 근데 극장이 소란할 줄은 알았는데 아이들보다 더 큰 애들이 시끄러워서 힘들고 속상했네요 😢 😥"
10,재밌어요 F 아들은 울었어요ㅎㅎ
8,"아름다운 이야기, 어른도 눈물이 찔끔"
10,영화관에서 보기 좋아요
10,오에스티가 찐이였오요
10,너무즐거웠어요 노래와 율동 정말즐거웠어요
7,사랑의 하츄핑 좋아요 .
7,사랑의 하츄핑 재밌었어요
6,딱 얘들이 좋아할만하게 잘만든 우정영화
10,애들은 그렇다치고 부모들은 조용히 영화좀 봅시다
8,사랑이네 아이가 좋아하네요
10,아이가 아주 좋아해요
10,아이들이 좋아 합니다.
8,재밌긴 해요ㅋㅋㅋㅋ… 로미가 하츄핑에 왜 그리 꽂혔는진 모르겠지만
10,"스토리는 어린이용이라 유치하지만 영상 ,ost가 좋구 감동도 있어서 재밌게봄"
10,아이랑 함께 봤는데 스토리가 짱짱해요..! 마지막에 울컥하며 봤네요ㅜㅜ
7,호기심핑으로 들어가서 눈물핑으로 나와..
10,아이가 너무 재미있게 봤다네요^^
10,아기랑잘봤어요 ㅎㅎ 잼있었어요^-^
10,어른이 봐도 재밌었습니다.
8,노래가 좋아요 잘 봤습니다
10,듣던대로 엄마도 재밌는 티니핑
10,재미있음 음악이 좋음
10,어른들도 울리는 감동적인스토리
10,너무재밌고 감동적이었어요~
10,애들이 너무 좋아해요 특히 노래를..
10,아이들과 재미나게 봤어요
9,사랑스러운 애니메이션
10,아이랑보는데 감동의 눈물이 나네요
10,조카가 좋아해서 같이 봤어요ㅎ
8,아이들이 좋아하면 그걸로 된거죠
10,아이가 재밌게 보니 만족스런 영화네요!
10,아이들이 재미있어 하네요 ㅎㅅㅎ
10,아이가 울더라구요 슬펐나봐요
10,아이랑 보기 너뮤 좋아요
10,작품성. 노래도 참 좋았어요
10,어린이들을 위한 최고의 영화
9,스토리도 나쁘지 않았는데 어린이 만화라 다 생각되는 이야기같아요 노래나 캐릭터는 좋았어용
9,생각보단 나쁘지않네요
10,어른들의눈물을쏫게만드느느
9,조카따라갔다가 이모 눈이서 눈물이 또르르ㅠ
10,잘 보았습니다~~~!
10,재미있네요 지루하지 않았어요
10,노래가 듣기 좋고 뮤지컬적인 요소가 많아서 보는 맛이 있어요 핑들은 너무 귀여워요
10,너무 재미있었어요! 로미♡하츄핑 forever~!!!
9,아이와 즐거운 시간을 보냈다요
6,어른이보기에는 스토리나 ost가사가 많이 유치하긴해요 6살아이가 보기에는 괜찮았나봅니다
10,초등아이가 눈물흘리고 나왔어요 ..
10,아이들이랑보기좋아요
10,아이들이 진짜 좋아하긴하네요
10,딸아이가 눈을 못때네요ㅎ
10,아이들이 좋아합니다
9,"미취학 아이들 관련 일을 하고 있어서 보러 갔습니다. 절반 넘도록 좀 유치했는데, 후반부로 갈수록 재미가 느껴지고 감동도 있었어요. 영아 대상은 아니고, 유아랑 학령기 여아 수준."
10,아이가 너무 좋아해요
10,"10살 남자아이랑 같이 관람 했는데 , 재미 있다구 하네요 ~!"
5,평에 비해 너무 별루였네요 차라리 같은 애니인 트랜스포머 원이 백만배 더 재밌었음
10,너무잫봤고 재미있었습니다
7,어른들도 감동받았다는 평에 남편 꼬여 관림했는데 딱 초딩 저학년용이네요 나쁘진 않았지만 과대평가 된 듯.
8,생각보다 괜찮았당 조카는 눈물을 보였당
10,아이와 재미있게 봤어요
10,하츄핑 너무 귀여워요 힐링되는 영화입니다
10,노래 넘 이쁘고 좋아요^^ 아이랑 둘이 감성 풀 충전하고 왔어요~!!
10,조아요 재밋게봤어요 애들이좋아해요
10,아이가 너무 잼나다고 하네요!
10,재미나게 중학생들이 ㅎㅎ 봤다고 합니다
10,초등학생 자녀가 재밌게 봤어요.
10,딸아이가 좋아하는 하츄핑. 재밌게 잘 봤습니다.
8,로미도 티니핑도 귀엽네요
10,얼떨결에본 혼영 왼일~~Ost넘아름답고 외쿡애니저리가라할정도로 스토리탄탄하고.아름다워서 눈을못떼고계속봄.대박
7,"디즈니와 산리오를 믹스한 듯한 캐릭터가 아쉽고, 소녀물에 어김없이 나타나는 왕자가 뜬금없었다. 차라리 친구와 힘을 합쳐 해내는 모험이었다면 좀더 감동일텐데."
10,어느정도 예상이 되니 눈물날 일은 없는데 애들은 슬퍼서 울거같음
9,아이들이 좋아할만한 영화.
8,감동이에요 잘봤어요
10,사랑의 하츄핑이 로미에게 마음을 여는모습이 좋았고 로미가 하츄핑을 진심으로 사랑하는 모습을 보고 맨 마지막에 트로핑이 마음을 열 때 기분이 뭉쿨해 졌어요ㅠ
7,난 어른핑이다...
10,아이가 좋아하네요.
10,눈과 영혼이 맑아진거 같습니다
8,아이들이 좋아했어요.
10,와우~ 노래가 귓가에서 떠나질 않아요~
10,예쁘고 좋은 영화에요
10,영화가 정말 감동적입니당
10,이유 없이 울었어요 ㅎㅎ
10,하투핑하츄핑핫추핑핑퐁핑
8,Hot chw ping ~
10,볼만했어요 너무좋아요
6,애기들 보는 재미에 보러간 영화 아가들 입장에서는 충격이었는지 우는 부분도 있었고 나혼자서 현실반영 안된 부분에 사이코처럼 깔깔 웃는 장면도 있었음 대사의 표현이 단순해서 아쉽
10,노래도 많이 나오고 뮤지컬 같았어요 ㅋㅋ 애들이랑 잼있게 잘봤네요 ㅎ
10,너무 재밌었어요 내용도 탄탄하고 노래도 유치하지 않고 재밌었습니다
10,아이가 좋아햇요^^
7,사랑의하츄핑 재밌어요
10,요즘 애들이 왜 하츄핑에 열광하는 이유를 알겠음
10,아이들 만화였는데 정말 따뜻하네요~
8,노래에 힘쓴게 느껴진다.
10,아이들이 생각보다 잼있었데요.
10,아이들과 재미있게 봤습니다
10,아이들이 너무 좋아한 사랑스런 영화
10,막내를위해 온가족이 다같이 재미있게 잘 봤습니다 스토리가 너무 짧고 아쉬웠어요
10,핑쥬 쟈이아요 강추
10,영상이 너무 예뻤어요~ 아이랑 재미있게보고왔어요
10,아이랑 같이보기 좋아요
10,아이들이 너무 좋아해요
5,무난한 어린이 영화였음
10,아이랑 같이 봤는데 감동도 있고 노래가 정말 좋네요~~완성도 높은 만화영화였습니다~~
10,어른들이 보기에도 재밌어요
10,감동적이네요 다들 꼭 한번쯤 봤으면 좋겠어요 ^^
10,20대 여자 둘이서 보고 글썽이며 나옴
10,애들이 너무 좋아해서 자꾸보러가자함
10,아이들이 좋아해요.
10,아이들하고 재미있게 관람 했습니다~~
7,재미와 감동을 갖춘 영화네요.
8,아이가 어려서 잘 볼까 걱정했는데 생각보다 집중해서 잘 볼만큼 재미있었어요~ 중간에 슬픈 내용도 살짝 있었어요
10,저는 영화 시작 5분만에 잠들었는데 아이는 재미있게 봤데요^^
8,생각보다 어른들이 관람중이라 좋았음 개인적으로 60 넘은 엄마와 함께 봤는데 둘다 볼만하다 생각했음 . 애들에 관람이 어려울까 우려되었으나 생각보다 음향이 커서 집중할수있어좋았음
10,아이가 좋아하네요.
10,아이가 무서웠다고 했지만 재미있었다고 합니다^^ 건승하십시오!!!
10,아이가 넘재밌었다네요
10,사랑스러운 하츄핑과 용감한 공주님 나에게는 사랑스런 하율이와 사율이 사율아 하율아 사랑해
9,동심을 깨우는 영화. 아이들의 절대적 지지.
6,"관람평 읽고 예매했는데, 스토리가 많이 평면적이고 캐릭터들의 모션은 로봇같아요 역시 미국 애니봐야하나!"
10,아이들과 함께 보기 좋아요. 아이들이 좋아해요
9,어른이봐도 지겹지않고~눈과귀가 만족되는영화엿어요
10,아이랑 함께 봤는데 좋았어요
10,너무 사랑스럽고 재밌었어요💗
10,리클라이너 빌런 때문에 제대로 못봤어요
10,OST도 너무 좋고 영상 전체적으로 화려하고 볼 게 많아서 좋았습니다.. 19살먹고 오열하고나옴
10,너무 재미나게 뷰ㅏㅆ어용
10,감동심함 티니핑 정주행할까 생각중
9,사랑의 하츄핑 귀여워요.
10,넘잼있다고 딸이 말했어요~~
10,ㅎ아이가 너무 좋아했어요 어른도봐도 감동이있었어요 여기저기서 초등언니들 훌쩍훌쩍~감동의 눈물소리가들렀어요
10,스토리가 생각보다 탄탄하고 노래가 좋아요. 다만 마지막이 좀 흐지부지 끝나는 느낌이라 좀 아쉬웠어요. 심심할때 한 번쯤 보기엔 좋아요:)
10,재미있었으며 추천합니다.
10,국산 애니도 완성도 높네요~~~
9,내용이야 아이들 보는거라 단순 핑크핑크 하게 예뻐요
10,아이 랑 같이 감상 했습니다. 아이 가 너무 좋아해요
10,남자친구랑 봤는데 너무 감동적이고 재미있었습니다 유치원생 아기들 사이에서 봤는데도 하나도 유치하지않았습니다
9,초등학생 저학년 재미나다고 함 초등학생 고학년 유치하다고 하
10,중1 중2. 둘다 재미 있다고 합ㄴ디ㅏ
10,재밌었어요 만족합니다
10,노래가 너무 좋아요
8,"초딩이들하고 같이봤어요~어른이보기엔 공주풍 영상,대사와 감정선이 좀 오글거리긴했는데 아이들이 재미있게 봤대서 다행이에요^^; 하츄핑이 귀엽긴하더라구요ㅎㅎ"
10,"애기들 보다 어른,중학생이 많고 스토리가 깔끔하진 않지만 의외로 재밌음"
9,연출 일단 유아용 애니임에도 뛰어났고 중간중간 하츄핑과 로미를 연결해준다는 의미인 하트 모양의 꽃잎이 자주 보여 스토리도 훌륭했습니다!
10,39개월 남자아이도 재미있게 봤어요^^
10,아이들이 엄청 잘 보네요. 다음에 또 보러가야 겠어여
10,너무 재밌고 스토리도 좋아요~~🫶🏻
10,감동적이고 재밌었어요
10,왕자님이 너무 멋있었다고 10번넘게 얘기했어요^^
7,아아들이 좋아하네요
8,재미와 감동을 한방에 잡음
10,하츄핑 너무 귀여운
10,아이랑 가서 봤는데 내가 눈물 흘리면서 봄
10,애들 영화정도 뇌 빼고는 볼만함
10,아이들이 감동적이라며 너무재밌게봤네요
10,재밌어요 근데 노래가 좀 뜬금없음
10,아이가 친구랑 넘 재미나게 봤다고 하네요^^ 완전 하츄핑팬이되어 돌아왔답니다~ㅎㅎ
10,재미와 감동이 있어 끝날때 까지 몰입하고 보았습니다.
10,인간과 티니핑의 우정 ㅎㅎㅎ
10,아이가 재밌게 봤다네요
6,나름 재밌게 봤습미다..
6,애들하고 잘 봤어요 ㅎㅎ
10,우리들의 귀염둥이 하츄하추 하츄삐잉
10,감동과 사랑이 넘처나서 좋았어요~~^^
10,아이들이 재미있게 봤다고 하네요~~
10,의외로 남자아이들도 좋아함. 서프라이즈로 데려가면 아이들의 히어로가 될 수 있음ㅎㅎㅎ
10,야이들이 좋아합니다
9,애들이 좋아해요. 잘봤어요.
10,오랜만에 재밌었습니다
10,아이가 좋아했어요~
10,사랑의 소중함을 한번더 생각하게 하는영화
9,초3 딸아이 보려주러 갔다가 내가 울어버린 영화 ㅠ
8,초6 T인 딸은 유치 했다고 합니다 ㅎ
9,기대이상!! 잼나요~~~~
10,하츄핑과 트러핑의 갈등해결과 로미와 하츄핑의 아름다운우정. 배신은 하지말자
10,재미있습니다 아이랑 보기 좋습니다.
8,"하츄핑, 사랑에 빠졌어요"
9,어 ㅋㅋ 생각보다 좋았다ㅠㅠ 노래가 모두 기대이상이었고 짝궁 티니핑과의 순수한 우정이 동심을 떠올리게했다. 이 할미는 캐캐체를 회상했다는건 안비밀ㅎ 재밌다츄~🩷 윈터목소리극락!
10,아이들이 너무좋아했어요~ 슬펐다고도 하더라고요ㅜ
9,"블링블링한 하츄핑과 로미 귀엽네요^^ 약간 고전적인 내용의애니메이션이지만, 재밌게 볼만합니다. 로미의 자아 찾기 느낌의 이야기 설정이 괜찮았습니다. 노래들도 귀여워요!"
10,재미있어요 꼭 보세요 ㅎㅎㅎㅎ
10,국산 애니메이션 중 탑. 노래ㅜ좋아요
10,왜 아이들이 좋아하는지 알거 같다 캐릭터 디자인하며 스토리까지 어른이 봐도 귀엽고 재밌었음
9,영상미는 끝내줌 열린결말만 빼면 다좋음
10,아이가 너무 좋아하네요
8,캐릭터들이 귀엽고 사랑스러워서 아이들이 좋아하겠네요.
10,초2였는데 친구들이보고 와서 눈물흘린다고 하길래 궁금해서 보러갔네요. 아주 재미있게 보았네요. 가끔 주인공 남자 등장에 간지러워서 못보겠다고는 말했지만 재미있었다고 하더라구요하하
10,너무 재밌고 캐릭터들이 너무 귀여웠어요
10,와우 뭔가요.. 어른이 봐도 너무 재밌고 노래들이 좋아요ㅎ
10,재미있게 봤어요 ~ ~~ !!
10,영상미 좋았고 하츄핑 너무너무 귀여웠어요!
10,아이들이 너무 재밌대요
10,기대없이 봤는데 지루하지않고.잼있어요 감동까지 줄줄이었습니다
10,너무 귀엽고 예쁘네요~ 사랑스러워~ ㅎㅎ
10,잘 봤습니다. 캐릭터들이 귀여워요.
10,재미있게 잘 보고 왔어요.
9,노래가 넘 좋았다. 재밌다.
8,아이가 잼나해요. 스토리도 좋구 눈물도 찍!!
10,티니핑들이 귀여웠고 리암왕자가 잘생겻어요 ✌🏻✌🏻
10,동생이랑 조카 보라고 예매 했습니다! 조카가 재미있게 봤길.. ㅎㅎ
10,아이들과 재미 있게 봤습니다
10,제게도 짝꿍 티니핑이 생기게 해주세요
10,애들이 재미있다고 합니다
10,유치할줄 알았는데 너무 슬펐어요~~아들과함께봐서 안볼줄알았는데요 같이 울었어요(7세)ㅜㅜ 재밌게 잘봤어요
10,아이가 재밌다고 좋아해요
8,어른이 봐도 재밌어요
10,아이와 봤는데 재미있었어요. 노래 고퀄!!!
10,아이들이 너무 재밌었다고해요.
10,이 시대 최고의 명작이었습니다 친구와 함께 눈물 한방울 흘리고 왔습니다
10,뮤지컬같은 영화이다. 아이들과 볼수있는 이런 영화가 많이 생겨나면 좋겠다
9,하츄핑 너무 귀엽고 사랑스러워요😆😆
6,사랑의 하츄핑 ~~
10,딸이 재미있게 잘 봤다고 합니다
10,너무 재미있었어요 애들이 좋아해요
7,아이들이 감동도 받고 기분좋게 잘 봤습니다.
10,너무 감동적입니다ㅠㅠ
10,23살 먹고 울었다🥲 로미와 하츄핑 영원히 함께 행복하자👑💖
10,딸과함께괐는데 딸이 좋아합니다
10,하츄핑이 너무 귀여워따 ...
10,아이가 좋아해서 두번째 관람이네요
8,집에 애들이 있으면 함께 보세요
10,너무재미있엇고눈물콧물다흘림
7,아이들이 좋아하네요~
9,딸이랑 봤어요 노래가 듣기 좋고 케릭터가 귀여워요 ㅎㅎ
10,하츄핑 너무 재밋거 사랑스러웠어영 그리거 동화속 그림책에나올법한 캐릭터였어영~
10,리암 잘생김 슬프긴 했지만 울진 않음
5,평이 좋아서 두아들과 관람..글쎄 나만 너무 어른스럽나? 노래는 너무 좋앗음...기대 만큼은 아니엇음
10,해당영화를관람하였습니다
10,해당영화를관람하였습니다
10,너무 재밌고 감동적이에요!
10,뮤지컬 한편을 보는듯...너무너무 사랑스러운 하츄핑 우리나라 애니 넘 좋아요.두번 봤어요.ㅎㅎㅎ
10,사랑의 하츄핑 굳굳
10,ㅋㅋㅋ와 넘 웃겼는데ㅋㅋ울었다..
8,사랑의 하츄핑 감동ㅠ ㅠ
10,너무너무 귀엽고 사랑스러워요 ♥️
10,아이가 재밌었다고 하네요
10,하츄핑이 너무 귀여워요
10,아이들도 좋아하고 어른들이 봐도 감동이 있네요~ 노래가 다 너무 좋아요
10,액션이나 중간중간 삽입곡들 아동영화라고 유치하지않다
10,사랑의 핫츄핑 재미있네요
10,아들이 느므느므 좋아했어요:) 노래도 신나고
10,울렸다 웃겼다 하네요 재밌습니다
10,아이들 보여줬는데 너무 감동이래요!!
8,귀여운 애들이 나와서 재미있었어요!!~
10,"웃음과 감동이 있는 영화, 아이와 잘 봤습니다"
10,아이들이 감동이라 하네요
10,아이와 너무 재밌게 봤어요!!
9,아이가 좋아 하네요!
9,귀엽고 슬프고 영상미좋아요
10,즐겁게 관람했어요 잘봣어요
10,재밌게 잘 봤습니다 ㅎㅎ
10,영상이 너무 예쁘고 아름답습니다
10,감동과 재미가 동시에 있네요
10,만족합니다 추천합니다
10,너무너무 재미있게 봤습니다
10,캐릭터가 인상적이였고 인기가 많은 캐릭터라 더 호감이 갔다 다음에도 또 보고싶다
10,하츄핑 너무 귀여워요🩷🩷🩷🩷🩷 뮤지컬 애니메이션!
8,그렇게 슬프진 않았어요 근대 결말이 좀...
10,이 영화는 아이 어른 구분없이 봐야겠어요. 내가 갖고놀던 인형 지겹다고 버리면 안되지요.
10,최고에요 어른이도 눈물펑펑쏟았습니다 리암왕자너무잘생겼어요 피규어나오면 무조건삽니다
10,아이들이 감동이 있다고 말해주네요 어른도 지루하지 않고 잘 봤어요
10,재밌고 감동이 있어요
10,너무 재밌어요 ! 눈물 나와요… 스토리 미쳤어요
10,하츄핑 너무 귀엽고 사랑스러워요!!
8,재미있고 즐겁게 봤습니다
10,아이들이 너무 좋아했어요.
10,내용이 너무 조아요 가족끼리 보기에 참 좋습니다
10,애기랑 봤는데 너무 좋았네요
10,"감동적이고 영상이 예뻐요,"
10,너무 재밌어요!!!
10,ost도 좋고 재밌게 봤어요
10,사랑의하츄핑사랑해앵
10,10살 11살 딸이랑 같이 봤는데 너무재밌었습니다
10,재밌게 봤어요....
10,처음부터 빌런이 되는게 아니다. 다 사연이 있다.
10,추천합니다 재미있어요
10,파산핑이라도 귀여워
10,아이랑 재밌게 봤어요^^
7,아이들이 좋아할만한
10,하츄핑 팬이되어 돌아옴
10,궈여워요 귀여워요 귀여워요
10,아이들이 감동받고 좋아해요
10,너무 사랑스러운 영화예요^^
10,아이들과 너무 재밌었다고 해요 감동받았다네요^^
10,재밌었어요. 아이들이 좋아할만한 이야기예요!
10,어른이 봐도 재밌었어요
10,재미있게 잘 봤습니다
10,영상과 노래를 잘어울려지게 만든거같아요
10,감동적인 영화였어용💗 사랑해 하츄핑💗 노래도 넘 좋다💗
10,너무 재미 있었는데 마직막 인가 중간에 슬픈 장면이 나와서 조금울면서 좋게 봤어요.
8,어른도 눈물 찔끔 나올 만큼 감동적이었다
10,아이들과 함께 재밋게 잘 봣습니다 ㅎㅎ
10,조카랑 같이 관람 했는데 스토리가 탄탄하고 음악이 좋았습니다 삼촌핑!!
10,아이들과 같이 봤는데 아이들이 매우 좋아하네요
10,초딩도 중딩도 다 울었어요
10,애기가 좋아하니 저도 좋았고 사실 어른입장에서도 좀 재미있기도 했어요 ㅎㅎ 잘 본것 같아요. 왠지 또볼거 같아
10,한가하고 좋았습니다
10,아이들이 너무재미있었대요
10,고등학생들한테도 너무 감동적이고 재밌는 스토리였습니다 재밌게 잘 봤습니다!!
5,하츄핑에 왜저렇게 목매는지 이유가 궁금하다.
10,재밌게 잘 봤습니다
10,중학생 딸도 넘재밌는 사랑의 하츄칭~~
10,아이들이 좋아하면 뭘 더 바라겠어요
10,아이가 너무 좋아하네요
10,고2도 재밌게 봤어요 생각보다 내용도 좋아서 친구들이랑 즐겁게 봤네용
10,좋아요.눈물나게슬퍼요
9,한국 애니메이션의 미래가 기대된더
10,아이들과 너무 잼있게 봤어요 어른인 저도 푹 빠져서 봤네요~^^
10,좋아요 좋아요 좋아요
10,귀엽고 재미있게 봤어요 ㅎㅎ
10,아이들과함께 할수 있어서 너무 좋았어요
10,엄마 아삐도 눈물을 흘릴민큼 잘 짜여진 슬픈 스토리
10,재밌게 놀아 진짜 많이
10,딸아이는 눈물까지 흘리며 아주 잼있게봤어요
10,스토리 전개가 너무 재미있었대요
10,성인인데 울었어요..
9,환상적이고 이쁜 배경과 귀여운 캐릭터
10,재밌게 잘 봤습니다
10,넘 재밌고 감동적이었어요
9,생각보다 볼 만했다. 아이는 즐겁고 재밌게 보았다
10,재밌어요 하츄핑 보고 있으면 기분이 좋아요
10,너무 예쁜 로미와 하츄핑~
7,애는 좋아해요. 어른은 그닥 ㅋ
10,유아 자녀와 관람하였는데 스토리가 매우 재미 있었다
10,어른이봐도 재미있음. 뮤지컬느낌나는 괜찮은 영화
10,초등학생 필수래서 예매해줬요. 요새 딸이 하츄핑에 빠져서 사네요.
8,하고 싶은것도 갖고 싶은것도 많은 빨간머리 앤이 부족함이 없어 보이는 분홍머리 공주로 환생하였음에도 인형찾아 삼만리 하는듯한 영화. 내나이 60에 봤어도 나름 재미있음.
10,감동적이고 재미있었다
7,성인이 보기엔 약간 오글거리고 유치하긴 했지만 재밌었다. 특히 애기들 반응이 너무 귀여웠음ㅜㅠ ost도 은근 좋았당
10,하츄핑이 귀여웠다..
10,아이와 잼나게 잘봤어요
10,아이가 보기 참 좋은 애니메이션
10,사랑의 하츄핑 아이들의 인기는 계속 상승중~!!!
10,애들이 너무 재미있어 했고 핑크핑크해서 여자아이들이 좋아했어요
10,7세 딸아이가 좋아해요
10,아이들이 재미있고 좋았대요
10,사랑해 하츄핑 담 극장판도 기대해
10,아이들이 너무 좋아하네요 재미있었다고 집에 오면서도 얘기하네요ㅎㅎ
10,재미있게 잘 봤습니다~
10,너무 재밌었어요!! 아기들이 보는 애니메이션인 줄 알았는데 스토리텔링이 진짜 좋았던 거 같아요 이 영회를 계기로 애니메이션도 찾아보게 되었습니당
10,아이들이 재밌어 했습니다. 어른과 같이봐도 좋네요
10,아빠 나 하츄핑 사줘...(33세 여자으른이ㅎ)
10,아이들이너무 재미있어했어요.
10,보는 내내 너무 재밌어서 눈을 뗄수가 없었어요 !! ♡
10,재미있게 봤어요 ~~~
10,한국영화업계가 보고 배워야 될 정도 아동심리학자들을 매수하여 만든만화
10,재미있었어요 아이가 좋아해요
9,재밌게 잘 봤어요~~
10,아이들 보는거고 집에서 늘 보던거라 별기대안하고 갔었는데 잼있게 잘 봤습니다. 끝에 괜히 짠해지면서 살짝 감동도 있었어요ㅎㅎ
10,내용은 너무 재밌고 탄탄했지만! 로미가 10살인데 노래부를때 목소리가 너무 어른스러워서 아쉬웠다
10,윈터가 부르는 OST가 기억에 남아요^^;
10,티니핑 모르는 사람이 봐도 재밌었음
10,아이들이 좋아했어요 귀여워요
10,하츄핑이 넘 귀여웠어요
7,딸들에게 하츄핑은 사랑이죠
9,미움으로 가득 찰때 강추!! 온통 하트로 마무리♡♡
10,"""전체적으로 내용이 좋고 재미있었어요""라고 큰딸 응답"
10,스토리있고 감동적이였어요ᆢ아이도엄마도 빠져서봤네요~
10,노래가 귓가에 맴도네요.
8,아이들과 추석연휴에 가족드라마 한편보는 시간이었네요
10,티니핑 전혀 안봤지만 프리퀄이라 작품 시작하기 좋았습니다. 마무리가 다소 아쉬웠지만 엉엉 울었습니다.
10,감동적이예요. 아이들은 눈물을. ..
10,감동적인 스토리가 맘에 들었어요 재밌습니다
10,아들래미랑 너무너무 재미있게 봤어요^^
10,아이들과 즐거운 시간이었어요
10,재미있네요 아이들이 좋아합니다.엄지척.
10,아이들이 너무 좋아하네요
10,재밋엇는데 급전개 느낌이^^.. 재밋긴 햇어요👍🏻
10,노래와 애니 모든게 좋았다
10,아이와 함께 봤는데~ 슬프기도 하고 감동이었어요
10,잘봤습니다.사랑의 하츄핑
10,"유치할 거라고 생각은 했지만 노래도 좋고 힐링되는 영화였습니다. 히츄핑이 키우던 강아지나 아이돌인 것 같았고 로미가 강아지 주인, 아이돌팬인 것 같이 느껴졌어요. 하츄핑 넘귀엽핑❤"
10,딸내미가 눈물 펑펑 흘리면서 봤어요
10,올해의 영화!!! 로 강추.. 전 아이들 데리고 봤지만 앞의 20대 청년 3명은 왜 온거지?? 그런데 끝나고 박수를 치더라는 ㅋㅋㅋㅋ
10,영화가 감동적이었어요
10,아이들이 엄청 좋아해요~ㅎ
10,왕자님이 너무 멋지고 음악이 좋아요
10,아이와 재미있게 봤어요
10,아이들이 좋아해서 전..전..그걸로 좋았어요..
8,노래가 너무 좋다..
10,사랑의 하츄핑 좋았어요
10,로미(이모션 왕국의 공주)하츄핑 과의 캐미 로미가 하츄핑을 만나는 여정까지 재밌고 노래가 재미있었습니다
10,아이랑 너무 재미맀게 봤어요^^
8,명절연휴. 조카와함께
10,아이들이 좋아 하네요
10,기대보다 너무 좋은 작품이었어요 제가 하츄핑보고 울 줄은 몰랐지요 ㅎㅎ 노래가 너무 좋네요
10,조카손녀하고 봤는데 어른이봐도 너무 영상이 아름답고 내용도 좋고 재미있게 봤어요.
10,감동적인 하츄핑~~!!
10,조카랑 봤어요. 아이들은 좋았겠죠?…^^
10,구성이 아주 감동적으로 노래도 훌륭
7,오랫만에 어린시절로 돌아가서 봤어요^^~
10,초3 재미있었대요
10,추석맞이 핑핑수월래.. 굿띠.. 어른이봐도 감동적이에용
10,애들이 재밌어했어요
9,다음 극장판도 나왔으면 좋겠네요
10,사랑의 하츄핑 ㅠ 애기들은 그렇다쳐도 부모들은 왜 자꾸 수군거리면서 폰 만짐? 이런 부모들이 인터넷에서는 중국넘들 무질서하다고 댓글달고다니겠지
10,아이들이 너무 좋아하네요.. 스토리가 좋고 영상미가 너무 짱이였어요
10,가족과 너무 좋았어요.
10,핑들이 너무 귀여워요
10,어른한텐 별로 ㅋㅋ 아이들한텐 좋아요 ㅋ
10,ㅎㅎ 어른들도 후기 좋길래 봤는데.. 전 현타 왔습니다.. 그래도 애들은 엄청 좋아해요.. 구웃
10,7살 딸이랑 봤어요 영상 스토리 노래 넘 좋아요
10,어쩌면 영원한 것도 있다
10,재밌어요 엄청 애기들은 무서울 수 있어요
8,재밌게 봤습니다 아이가
9,중2 여학생이 보고 울었습니다
8,"노래는 별로 였지만, 스토리는 좋다. -초4 딸 감상평-"
10,아이들이 좋아합니다.
10,영화는재밌었습니다만 하늘도시에도 메가박스있지만 영종 간건데 서비스가너무아쉽습니다 팝콘도카라멜팝콘안되고 음료리필도 번호표뽑으라고눈도안마주침 웃음은커녕친절함1도없는ai같은 응대
8,무지 재미있는이야기였다.❤🧡💛💚💙💜🤎🖤💌
10,선택의결정은 아이들의 옧
10,딸은 울지않았지만 나는 울었다
10,아이들이 너무 재미있다고 합니다 감동이 있어요
10,아이랑 재미있게 봤어요 영상미굳
10,다섯살 아들도 재미있게 보고 저도 잘봤어요 사실 기대를 안해서 그런지 생각보다 훨씬 잼있게봤네요 음악도 좋고 화면 색감도 예뻤어요
10,우리 아이 오열하게 만든 영화
10,고딩 딸램이 재미있게 봤답니다ㅜ.ㅜ
10,귀여운 티니핑들이 눈을 못떼게하네요
7,딸아이에겐 역시 하츄핑이죠^^
10,인간관계하면서 일어나는 모든일이 다나오는듯 어른.어린이들다보셨으면좋겠어요
10,감동적임 우정 장난아님
10,아이랑 거의 전세수준으로 널찍하게 관람했어요.사랑의 하츄핑 아이가 조아해요
10,핑핑~ 여러 티니핑이 나오더라구요~ 재밌었어요~
10,"아이들과 먼저 찾아 관람하고, 내가 다시 찾게 된 재관람"
10,하츄핑을 향한 로미의 사고초려
10,아이가 처음으로 끝까지 관람한 영화!
9,감동적이에요… 전체적으로 예쁘고 잘 만들었어요 클리셰범벅이지만 아동에겐 이 모든 게 처음 보는 내용이겠죠 그렇게 생각하니 최고의 스토리
10,율아들이 넘좋아해요
10,처음 본 순간 백만
10,아가들과 부티크 프라이빗에서 봤는데 좋아합니다
4,조카데리고 갔는데 손발이 사라질 것 같았다. 뽀로로의 슈퍼썰매대모험은 명작이라는 생각이 들었다.
10,생각보다 잘 만들었네요 노래 좋아요
10,사랑해 하츄핑!!!
10,우리 조카가 이렇게 집중력이 좋은 아이였다니..
8,조카가 중간에 집에 가자고 했어요;; 결국 끝까지 보긴 했지만 오히려 제가 울컥울컥했네요.
8,"생각보다 ost가 탄탄했음 애기들 영화라 전개적으론 좋다고 하진 못하겠지만 (훅훅지나가는,약간 이해할수없는 감정선도 있었지만)감명깊은영화 였음 색채나 서로를 위하는 마음이 좋았음"
10,어른인 저도 너무 재미있게봤어요 노래들도 너무 완벽해서 어른들도 푹 빠져들것같아요 왜 그렇게 아이들이 하츄핑 노래를 부르는지 알겠네요
10,하츄핑 진짜 커여워요
10,사랑이 모든 것을 이긴다~~
8,고퀄리티의 영상의 질과 캐릭터의 귀여움
10,극장판다운 만족스러움
8,조카랑봤네유..흠 극찬평에 비해서는..
10,귀여워요 로미 하츄핑 귀여워 ㅜㅜ
10,잘봤습니다 잘봤습니다
10,아이들이 너무 좋아했어요
10,아이가 좋아하네요 ㅎㅎㅎㅎ
9,역시 하츄핑 재밌어해요~~
10,로미와 하츄핑이 귀엽고 리암왕자님이 잘생겼어요 ( o̴̶̷̥᷅⌓o̴̶̷᷄ )
10,아이와 함께 잘 보았어요^^
10,극장판이 훨씬재미있네요!! 중간중간 나오는 음악들도 좋았어요!
10,귀엽고 재밌어요!!
10,아이와 즐거웠습니다
10,재밌어요.아이가 좋아합니다.
10,감동적이고 재밌었어요 <-어린이후기입니다 ㅎ
10,온가족이 같이 봤어요 두딸이랑 와이프까지 울더군요 ㅎㅎ
7,아이 영화이나 어른이 봐도 괜찮은.. 정도
10,눈물 ㅠㅠㅠ대단해요
10,아이들이 무척 좋아합니다.
10,재밌게 잘 봤습니당
9,아이들의 오열소리와 웃음소리가 한가득
10,ㅋㅋㅋ초6.초2 아들과봄...생각보다 감동 ㅋㅋㅋㅋ
10,어른도 아이도 재미있게 봤습니다
8,아이들 보기 좋은 영화같아요.
10,왕자님 완전 잘생김
10,애들이 너무~~~좋아하네요 초4
10,아이가 너무 좋아했어요
8,아이들의 시선에 맞는영화이고 화려한 색감이 좋았다.
10,나도 모르게 눈물이 나왔던 장면들이 많았어요ㅠㅠ캐릭터도 너무 예뻐
10,짝꿍 티니핑이라는 말이 너무 귀엽네요 ㅋㅋㅋ
10,100만 돌파 하츄핑!! 무대인사로 추억에 남는 하루!!
10,오랜만에 영화 재미있게 잘 봤네요 추천합니다
10,아이가 참 좋아해요~
10,생각이상으로 어른들에게도 나쁘지 않음. 물론 애들 영화임. 그래도 애들이랑 시간 보내기 좋았음.
6,중3이 보기엔 좀 유치하긴 하지만 왕자가 진짜 너무 잘생김 티니핑이랑 로미공주님도 예뻐서 눈호강은 제대로 ❤️❤️
9,아이들과 같이 관람하세요.
6,아이가 무섭다고 뛰어나갔어요ㅠㅠ 저도 깜짝깜짝 놀랐네요
10,좋은 음악이 끊이지 않아서 재밌게 봤습니다. 티니핑들이 참 귀엽네요. 색감이 예뻐서 눈이 즐거웠습니다.
10,아이들의 영화! 아이들의 상상력 을 만족시키는영화
10,정말 감동적이고 재미있었어요💕
10,명작입니다. 심금을 울리네요..
10,애들이 슬퍼서 울었대유
10,아이들과 함께한 시간 스토리도 너무 좋고 ost는 정말 완벽했습니다~ 최고의 시간~
10,어른인 내가 울뻔하다니 ㅋㅋ
8,감동적인 내용이었어요
10,아이들이 재밌어 하네요. ^^
7,엔딩이 너무 뜬금없었다 엔딩연출만 좀 잘했어도..전반적으로 무난하게 잘봄 캐릭터디자인도 이쁘고 색감 배경도 좋고 몇몇장면들 연출은 꽤 볼만함
10,눈물이 멈추지 않았습니다
10,조카 데려갔가 입덕해서 재관람 너무 행복한 영화에요
8,음악이 너무 좋았어요 아이가 좋아해요
8,아이가 매우 좋아합니다. good.
10,우리나라에서 제작된 애니메이션의 퀄리티도 이제 상당 부분 올라왔음을 느끼게 해 준 수작이었다. 하츄핑의 왕방울 눈은 아이들은 물론 어른들이 보기에도 푹 빠져들기에 부족함이 없었다.
10,재미있게 영화도 보고 노래도 들었습니다
10,재밌고 감동적이였다
10,아이가 재밌다하네요~
10,어른도 재미있게 볼것같아요!!
10,여자아이들이 좋아할듯
10,Heartsping : Teenieping of Love - 09152024
10,너무재미있어요~^^
10,재미있어요 아이가 좋아하네요
10,딸이 슬프다고 울었지만 재밌게 잘 봤다네요
10,즐거운 시간이었습니다
10,딸은 울고 엄마는 팝콘셔틀..
7,성인이 보기에 유치하긴 했지만 생각보다 볼만했다
10,20대 성인 둘이서 보고 왔습니다. 생각보다 더 재밌어서 잘 보고 왔습니다.
10,남자 왕자가 매우잘생겨서 임상적
8,억지로 끌려갔다 억수로 울고왔다
10,아이들이 너무 좋아해서 아빠로서 너무 즐거운 관람이였어요
10,아이들이 넘넘 좋아해요^^ 스토리도 좋고 노래도 좋아요^^
10,아ㅡ 울 손녀가 안본다더니ᆢ결국에는 울었다네요 그치만 비밀이래요 안본척하고프대여 ㅎ
10,재밌어요 감동적이에요
10,사랑의하츄핑 재밌어츄
10,애들이 너무 좋아하네요. 중간에 여기저기서 아기들이 훌쩍훌쩍하네요🥹
10,애들이 정신없이 봐요
10,사랑해 하츄핑❤️❤️❤️
10,특가로 재미있게 관람하였습니다.
10,재미있게 보고 왔어요
7,가창부분에서 흐름이 깨져 매우 아쉽네요 뮤지컬 애니인것은 이해하겠지만 로미역을 맡으신 이지현성우님의 목소리로 노래하는 것이 좋을것같았고 각 성우분들이 노래를 하셨으면..
10,재미있어요!!! 증간에 들어가서 보는 바람에 처음 본 순간 그 오에스티를 못 들어서 아쉬우ㅏㅛ지만 어린이 영화치곤 괜찮았습니당
10,디테일이 잘 살아있어요!
8,노래가 좋네요~^^ 감동적입니다~^^ 엔딩은 뜬금없이 크레딧이 올라가네요 ㅎㅎ 윈터짱 ㅎㅎ
10,완전 재밌었어요 성인인데도 재밌게보!!
10,매우매움신나고 재미있게 잘 보냈어요
10,사랑의 하츄핑은 슬프지 않았다.
9,한 번 더 보고 싶어요 🥰
8,아이들이 재밌어 했어요
6,너무 기대하고밨나봅니다 8세미만 아이들은 재미있어할거같아요
10,이 나이먹고 애들 보는거 보면서 울긴 처음! 스토리 완전 미침
7,어른도 즐길 수 있는 영화.
10,영화 재미있게 봤어요~
10,사랑스럽고 깜찍 절정의 하츄핑 💗💗💗
10,나름 재미있게 잘 봤네요.
5,그렇게까지 재밌지않고 지루해요
10,브레드 이발소같은 노잼애니 말고 하츄핑 보세요 흥행에는 이유가 있다
10,하츄핑 생각보다 너무 재밌어서 당황
10,아이가 너무 보고싶어서 같이 봤는데 영상미가 너무 좋네요 . 노래도 좋고요
10,초등학생도 좋아할줄 몰랐어요. 재밌게 잘봤습니다
10,생각보다 귀엽고 감동적이에여
10,딸아이가 너무 좋아했어요
10,재밌고 하츄핑이 귀여워요
10,아이들과 어른이 함께보아도 너무나 감명깊은 영화예요 3살 아들이 푹 빠졌어요
10,아이들의 원픽 하츄핑
10,재밌어요 즐겁게 봤어요
10,생각보다 재밌어요 추천해요
10,왕자님 너무 잘생겼어요
9,재밌게 잘 보았습니다!
10,아이와 잘 봤습니다
10,7살 5세 여아 눈돌아갔어요.
10,재미있고 약간 슬퍼요
10,아이가 눈물이 뚝뚝
10,아이가 너무 재미있다고 했어요
10,아재미있고 감동적이었어요 아이들도 재미있었다고 또 보고싶다고 하네요
5,스토리가 흥미진진하네요
6,ost 가 인상적임
9,가족 아이들과 볼 수 있킄
8,영상미가 돋보이는 애니메이션!!
10,이 재미있는걸 어린친구들만 봤다니…
10,좋아요 좋아요 좋아요 좋아요 좋아요
10,정말 재미있었습니다 동심으로 돌아간 느낌에 정신을 차릴 수 없었네요!
10,어른들를 위한 어린이 동화
10,티니핑은 잘못 없어 사람이 잘못임
6,Teenieping of Love
10,뮤지컬을 애니로 보는듯한 기분이였어요.ㅎ 노래도 뮤지컬처럼 훌륭해요
10,너무 재미있었습니다
10,슬프기도 하면서 감동받았어요 재밌었어요
9,애기들 보는 영화인데 어른도 볼만 하더라구요
8,딸아이와 첫 영화데이트인데 결말을 못보고 나왔네요 ㅎㅎ 좀 더 키워서 가야 할까봐요 영상미는 훌륭했습니다 ㅎㅎ
10,중간부분엔 좀 졸았음 그래도 볼만했음
7,아이랑 같이.가서 재밌게 보고 왔습니다
10,진짜 학생이봐도 너무 재밌어요..!!
10,어른은 지루한데 어린이들은 진짜 좋아함. ost가 중독적이네요
10,6세8세 둘다ㅜ재밌어 하네요
10,매우 귀여움 치면적으로 귀여움
4,음… 아이들을 위한 영화..! 슬프다고들 하는데 나는 스토리가 개연성이 없다보니 공감이 안됐다..!
10,진짜진짜 시간가는줄 모르고 봤어요
10,좋아용.. 굿~~~~^^
10,최고입니다 너무 재미있어요
10,애들이 울었어요. ㅋㅋ
10,주변에 앉아있는 어린이들 덕분에 실감나게 봤습니다 앞으로 우리나라에도 이런 영화 많이 나오면 좋겠어요
9,아이와함께 관람했는데 생각보다 잘만들고 완성도 높아서 놀람
7,어른이 보기에는 약간 지루해요
10,재있잘받습니다.^^
1,..이게..뭐죠? 하는영화..
9,하츄핑 감동있고 재미나요
10,아이가 좋아합니다. 노래는 중독적
10,아이들과 너무 잘봤어요
10,사랑의 하츄핑 아이들이 너무 재미있고 감동깊게 봤다고 합니다. 뛰어난 그래픽과 스토리가 정말 훌륭했습니다.!
10,공주가 너무 이뻐요
10,눙물이 주룩주룩 리온잘생김
9,아이가 좋아해서 왔어요.
10,재밌었는데 하츄핑 만나고 싶어하는 내용이 여러번 반복되어 지루해요
6,노래가 생각보다 좋은걸
10,그래도 조금 유치하긴 했지만 티니핑이랑 로미가 너무 귀엽고 예뻤어요! (다른 캐릭터 캐디도 너무 잘 뽑은 듯!!) 사랑스러운 영화입니다!♡
10,초등이보기에. 유치하지만 뮤지컬같다
8,눈물포인트는 이해할 수 없지만 영화보는 동안 동심으로 돌아간 것 같아서 좋았습니다 티니핑들이 넘 귀여워요
10,"9세 딸아이와 딸친구가 봤는데,,,마지막에 감동이었다고,,,!눈물을 펑펑 쏟고 나왔어요!!!"
10,잘봣어요 오랫만에 힐링햇어요^^
10,잘봣어요 오랫만에 힐링햇어요^^
7,아이들이랑 같이봤는데 영상미가 너무 좋았어요. 로미가 머리풀때마다 저희집 공주들은 이쁘다고 난리ㅋㅋㅋ
10,아이들이 너무 재밌다네요.
10,두번째 관람. 아이가 또 보고싶다고 다시 보잡니다.
10,이제 하츄핑의 시대구나!!
10,재밌고 감동적이었어요~~~
9,잼있게 봤네요 괜찮은 영화
8,"아이들이 좋아하는 영상미의 영화, 어른이 보기엔 잘수있는 영화^^"
5,그냥 그래요 노래는 좋아요 비추천
10,아이가 울고 웃고 행복했네요
10,재미있게 잘 봤어요.^^*
10,하츄핑 귀엽고 사랑스럽고 슬프고ㅜㅜ
10,하츄핑 짱 귀엽고 이뻐요.. 첫눈에 반한 로미가 너무 이해됨
8,아이들과 보기에 너무 좋네요 맘에들어요
8,5살 아이랑 보는 첫영화였어요~ 어른이 봐도 그림체나 노래가 괜찮더라구요 아이가 너무 재밌게봐서 좋았어요 다음시리즈도 기대 됩니다
8,재미있게 잘봤어요 너무 맘에듭니다
10,아이들이 정말 좋아해요
10,아이들 오열 구경잼♡
10,서로 사랑하고 아껴줍시다
10,사랑해 하츄핑 내맘을 맏아줘
10,아이가 재미있었다고 좋아하네요 저도 잘줄알았는데 보다보니 재미가있어서 끝까지 다보고왔어요 생각보다 괜찮음
10,볼만하게 잘 보다 왔습니다
10,애기들이 감동적이라고 재밋었데요~~
10,하츄핑도 너무 귀엽고 성우분도 다 잘 어울림
10,재밌게 잘 봤습니다
10,잘 봤습니다~!~!~!~!~
10,아이들이 좋아하네요
9,ㅋㅋㅋ딸과함께 ㅎㅎㅎ
10,딸이랑 둘이서 재밌게 봤어요
10,티져 속 귀여운 하츄핑에 반해 보고 왔습니다. 하츄핑 너무 예쁘고 귀여워요! 와 모델링의 디테일함과 아름다움에도 반했어요
10,애들이 재미있게 봤다고 하네요
10,굿이에요 너무 좋아요 짱
6,아이들이 왜 티니핑에 환장하는지 알겠다
6,사탕이 먹고 싶어졌어요.
5,인사이드아웃 기대했는데 그냥 어린이 만화라 짜침...
10,사랑의 하츄핑 감동적입니다 역시 최고!!
10,아이가 즐거워했어요 다만 큰 아이들이 너무 비웃는 포인트가 있엇어요
10,재밌었어요!! 근데 전 중딩이ㄴ데 마지막에 너무 슬퍼서 살짝 눈물이 나왓어요ㅠㅠ😂😂
10,하츄핑 재밌게 잘 봤습니다
8,아이는 재밌어 합니다. 근데 아버님들께서 가끔 코골아요. 저도 잠깐 코골다가 아이와 눈이 마주침
10,아이보다 내가더 하츄핑에 빠졌자
10,아이가 너무좋아해서 좋았어요
8,영상미도 좋고. 재밌어요.
10,하츄핑 사랑해(나 32살인디)
10,네살 아이와 재밌게 봤어요
10,9살 따님 오열하며 보고왔어요~ ost 너무 좋아서 매일듣네요
10,초딩 아이들이 너무 재밌게봤어요 동생 때문에 보러간 초5오빠도 무서웠(?)다네요 ㅎㅎ
8,조카가 좋아한 영화
10,귀엽고 사랑스러웠어요
10,애기들이 좋아할 것 같고 캐릭터가 너무 ㄱ ㅣ여워요 전 한 분도 울지 않았습니당
10,성인이 봐도 재밌는 영화 벌써 2번째네요
10,하츄핑이 어떻게 시작되었는지 알 수 있었어
10,역시 귀여운 하츄핑 하츄
10,감동 가득 해서 다같이보기좋아요
10,어디서 우는진 알겠으나 왜 울어야 할지 모르겠어서 당황스러움. 왕자는 잘생겼다
10,감동적인 영상미가 우수한 멍작
10,5세 아들 첫 영화관! 영화는 하츄핑ㅎㅎㅎ 아직까지도 하추핑말랑핑바롬핑 영화관 또 가자고 난리난리에용 꼭 보세용!!
10,너무너무 재밌있었어요~아이가 좋아해요!!
8,어린이들이 좋아 할..
10,너무 재미있게 봤습니다^^
10,윈터 포카랑 OST들으러 왔는데 재밌었어요
10,잘 봤습니다~!~!~!~!
10,"아이들이 정말 좋아했어요. 노래, 스토리 모두 좋았습니다."
10,딱 여아아이만 좋아했습니다.7세
7,감동적이네요 스토리가 좀 아쉽습니다
10,나이가 20살인데도 보고 울었네요 .. ㅋㅋㅋ 저도 티니핑을 찾아 떠나야겠어요 ㅋㅋㅋㅋ !! 사촌동생이랑 말이 잘 통해요 ~ 하츄핑 티니핑 흥해라
10,아 하츄핑너무 귀여워
6,그럭저러 애들이랑보기 괜찮네요
10,코노에서 ost곡부르다가 내마음을 울컥하게만들었네요
10,아이와 즐겁게 잘 봤습니다
10,요즘 대세인 이유가 있네요
10,너무 이쁘네요 대세 에요
10,애들이 너무 좋아했어요!!!
10,처음에 관심이 없었는데 보고나니 감동이 많이 올라오는 그런 영화!!
10,이모랑 조카랑 같이 눈물 주륵주륵
8,애기들이 보기는 좋지만 학생들이나 어른들이 보기에 좋은지는 모르겟어요 감동적이여서 우는 사람들도 있다는데 저랑 제 친구들은 너무 지루햇금
10,스토리도 감성적이고 애기들 취향저격
10,너무좋은것같아요 국숙숫
10,저는 졸았고 ㅠ 아이는 잘봤어요
10,성인도 울었습니다..
3,하추핑은 애들이 줗아합니다
10,너무 재밌게 봤어요!
8,아이가 좋아해서 다행 이예요
8,생각보다 볼만했어요
9,"처음 본 순간, 한눈에 반해버렸어!"
10,아이들이 좋아해요!!!!
10,티니핑 너무 귀엽고 재밌어요.
8,이것이 시네마다. 하츄핑은 사랑이다.
10,친구랑 보고와서 재밌었다네요.친구는 울기도했다고
10,아가들이좋아해요~~
10,감동의 하츄핑 눈물참느라 혼났음
10,아이가 재밋었다고 합니다
10,아름다운 음악과 깔끔한 스토리
10,내용구성이 좋고 스토리가 재미있습니다
9,캐릭터도 이쁘고 재미있어요
10,생각보다 재미있고 어른들도 볼만한거같아요
10,내 자폐증 딸이 이 영화 너무 즐깁니다 ❤
8,아이들이 재미있게 잘 봤습니다.
7,초 2학년조카와 함께 봤는데 그럭저럭 볼만하다
10,너무 즐거워하는 아이 모습을 보니 좋았음.
10,아이가 좋아했어요 초등학생도 볼만한가봅니다
10,"어린이 만화라 기대 없었는데 생각보다 완성도 높은 애니메이션이었다. 어린이들이 좋아하는데는 이유가 있었다,,,"
10,너무너무 재밌게 봤어요
7,어른까지 울리는 하츄핑입니다
10,처음 본 순간 나는 빠져버렸어...
10,아주 재미있고 노래도 좋고 아이가 너무 잘보네요
5,초등학생은 재미가 없다고 하더군요
1,하츄핑 귀엽습니다!
8,조카에게 지갑을 양보하세요
8,티니핑 좋아하는 딸과 재밌게 봤습니다~
10,너무너무 슬퍼용 ㅠㅠㅠㅠ
10,어른들이 보기에도 괜찮았어요^^
10,남녀노소 누구나 보기 좋은 영화. 핑크핑크~ 내 마음도 핑크로 물들어요^^ 노래도 넘 좋네요~
8,나쁘지 않았는데 이야기가 좀 늘어지게 진행되어서 8살 아이도 저도 살짝 지루하더라구요 다음편이 나온다면 스토리를 좀 더 풍성하게 채워 주셨음해요
10,애들뿐 아니라 어른도 재밌다하네요.
8,아이들이 좋아합니다~
10,사랑의 하츄핑 잘 봤어요
10,아이가너무 재밌었다네요
10,중딩데리고갔는데 아직도 아기감성 제대로 느꼈네요
9,아이랑 보기 좋았어요
10,초2아들이랑 6살 딸이랑 셋이서 봤는데 감동스토리도 있고 음악도 좋아서 아이들이 보다가 눈물 흘리더라구요ㅠㅠ
10,아이가 너무 재미있었다고해요
9,재미있게 잘 봤습니다 좋았어요
10,감동과 아주 아름다운 결말
10,재밌었습니다!! 아이들이 참 좋아할거 같아요
10,아 진짜 친구랑 봤는데 겁나 재밌었어요
10,조아조아조아요~~~ ㅎㅎ
6,생각보단 재밌었어요
9,아이들 영화라 기대하지 않았는데 스토리도 있고 음악도 너무 좋고 재미있게 잘 봤어요
10,애들과 너무 재미있고 좋은 추억남겼습니다.
8,아기자기하고 예뻐요 좋아요
10,아이들이 엄청 좋아했어요.~
10,너무 재밌고 남주 얼굴이 굳굳
10,애들이 너무 재미있게 봤습니다
10,감동감동감동감동감동
10,재밌게 보았어요🥰
10,얘들이 엄청 좋아해요
10,30대입니다 줄줄 울고왔네요...
10,영상미 단연 갑이네요 정말 황홀힙니다 노래도 잘어울려요
10,아이가 너무 좋아해서 보러 갔는데 생각보다 스토리도 좋고 재미있었어요.
10,아이는좋아했어요 다소 낮은연령대용임
10,아이들이 너무 좋아하는 하츄핑 너무 잘 봤어요
10,사랑스럽네요 자꾸 생각나네요
10,아이와 즐겁게 봤습니다
9,"아들이랑 같이 보러 갔는데, 살짝 눈물 났어요"
10,아이들이 특히 좋아하네요!
8,믿기지 않을 정도의 배경 완성도. 상업적이고 직선적인 구도.
10,너무 재밌어요 어른들도 보기 좋은 영화입니다 ㅜㅜ 보고 엄청 울었어요..
9,애가 재미있어 하네요
10,10살 아이가 처음에는 시시하다고 피식 했다가 집중모드 들어가더라구요ㅋㅋ 45세 엄마도 집중모드ㅋㅋ
10,기대 이상이에요! 역주행하는 이유를 알겠어요. 영상 너무 샤방샤방 예쁘고 밝고 유쾌하고 힐링되는 영화네요. 성인들도 충분히 볼만하구요.
10,정말 재밌었고 감동적이었어요 ost도 너무 좋았습니다🫶
9,아이들이 재미있었다고 합니다
9,아이들이 너무 재미있어했어요
8,아이들이 좋아할 영화
8,재밌게 보았습니다 또보고싶어요
10,잘 관람하였습니다:)
10,아이랑 보고왔는디 너무 재밌어요~^^
10,✌️✌️✌️✌️✌️✌️✌️✌️✌️✌️✌️✌️✌️
10,인기 많은 하츄핑ㅎㅎ 아이들과 꼭 보세요!
10,아이들과 함께 보기 좋아요
10,큰 스크린으로 보니 더 재밌었어요!
10,딸램들이 너무너무 좋아했어요
10,아들래미 딸래미 멀쩡한데 나만 눈이 따갑네 ㅜ
10,아이랑 같이 보고 왔는데 재미지네여 우리나라도 이제 영상은 다른 나라에 뒤쳐지지는 않는거 같아여 ㅎㅎ
10,영화 재밌게 잘봤어요
10,든든하게 관람했어요 ㅎㅎ
8,사랑과 용기와 희망의 하츄핑을 위한 삼고초려
10,50넘어 이런 감정이 있었나 할정도로 이쁘고 아름다운 내용 뭉클해졌어요. 딸이랑 초딩 손자 모두 잼있었다고~~^^ 대박 나세요.
8,배경이 정말 예쁘고 왕자님 잘생겨서 재밌게 봤어요
10,넘 잼있었어요. 울 아이도 넘 좋와하네요~~
8,의외로 제대로 된 뮤지컬 영화
10,아이들의 눈과 귀를 사로잡았다
10,근래 본 영화 중 가장 완벽했다.
10,아이가 울면서 봤어요
8,아이는 좋아했어요.
10,노래가 미쳤어요..!!
10,딸아이를 위해 관람했지만 어른들이 보기에도 웰메이드 영화 같아서 재미있게 봤습니다.
10,재미있게 잘 봤습니다
10,너무 재밌고 감성적 이였어요
10,노래 연출도 스토리도 너무 좋았습니다
10,아이가 ost에 빠졌어요..
10,👍👍👍👍👍👍👍👍👍👍👍👍👍👍👍
10,동생들이랑 봤는데 재밌었어요
10,초등2학년 여자아이와 잘봤습니다
10,감동적 재미요소들 좋음
10,아이들이 정말 좋아해요
10,유쾌하고 볼만해요!!!
10,공감을 나눌수 있는 영화라 너무 좋았습니다
10,넘넘 재밋게 잘봣어요
10,영상미랑 음악이 너무 잘 어우러졌어요
10,와 ㅜ 친구들이랑 다 같이 봤는데 너무 감동적이고 슬픔ㅠ6명 봤는데 4명 울었습니당ㅜ
10,"남편이랑 같이 봤어요. 너무 재밌었어요👍🏻 애기들만 보는 애니메이션이라고 생각했는데, 한번도 본 적 없는 티니핑, 하츄핑을 찾고 구하는 모습이 큰 감동을 주었어요."
10,딸이 너무 보고싶다고 해서 봤는데. 너무 재미있네요~~
8,어른들이 울고 나온다 말이 맞네요... 창피하지만... 울었어요..ㅠㅠ
10,유익한 내용과 동심으로 돌아가는 순간이였습니다.아이가 즐거워하니 너무 좋았습니딘.^^
9,"아이도 좋아하고, 저도 오랜만에 알록달록한 애니메이션 보니 눈이 즐겁더라고요. 만족합니다~"
10,영화 보고 좋았어요
10,디즈니 부럽지않은 하츄핑이에요. OST도 좋고 뮤지컬 같고 재미있게 잘 봤어요.
10,아이랑 재밌게 봤어요
10,7세 여아 끝까지 보고 나왔습니다. 재밌다고 좋아하네요~ 더 어린 영유아 친구들 몇몇은 무서운장면이 나온다고 울었어요. 귀여워요 ㅎㅎ
10,아이가좋아하네요굿즈도받음
10,로미의 삼고초려 이야기 어른 둘이서 재밌게 봤어요 영화를 보면 누구나 내가 사랑했던 순간을 떠올리게 되네요 잔잔하고 조금은 유치한데 정말 재밌게 봤어요!
9,아이들한테 사랑받는 아빠되었습니다. 감사합니다.
10,기대만큼이나 재미나게 봤습니다^^
10,재밌어요 아기가 좋아해요
10,아이가 무섭다고 울었어요 그정도는 아닌것 같은데 ㅎㅎㅎ
10,너무 재미있어요 추천합니다
10,"좋은 노래와 감동적인 스토리, 좋은 퀄리티의 연출이 한대 모여 눈물샘을 터뜨리게 하는 영화"
10,같이 보는데 눈물나요
10,재미있었고 마지막은 슬퍼서 울었다
10,재미있었어요 초등학교 2학년 남아도 눈물 흘리며 봤네요 영상미가 좋아서 저도 흥미롭게 잘 봤어요
10,사랑스런영상과감동이있네요 아이들은물론좋아하구요 어른들도동심세계로안내해주네요
10,아이가 울면서봤어요 아주감명깊게본듯해요~
10,아이가 좋아함. 어른은 뭐..
7,스토리도 있고 재미있었어요.
8,재밌게 봤습니다 ~~ !!
7,재밌게 봤습니다 ~~ !!
10,아이들이 좋아할듯~~^^
10,아이랑 잼있게 봤어요
10,스토리도 영상도 좋았어요.하츄핑 캐릭터 대박입니다.♡
8,아이가 보자해서 봤는데 볼만했어요
10,애기들이 좋아할거같아요. 어른의 시선으로 보니 장난감 진짜 비쌀거같음.
8,슬픔이 있네요. 감성도있읍니다.
10,보면서 내가 재밌어한다는 사실에 놀란 영화
10,넘이쁘고 내용도좋았어요
9,손자랑 같이 보고 싶은 착하고 예쁜 영화네요. 결국은 사랑이 모든걸 이기네요.
7,백마탄 공주님이 왕자 머리채 잡고 간다!
10,T랑 가지마세요 진짜 좋아요 내곁에 T만 없으면
8,애들 보기 좋아요 동생이 엄청 집중해서 봤어요
10,재미있어요 재미있어요
10,넘넘 재밋게 잘봣어요
10,생각보다 재밌고 어린이보다 어른이 더 울게 되는 영화입니다.
10,울었읍니다. 우정은 가슴을 뜨겁게 합니다
10,귀여움하츄핑핑이아주귀여움
10,어른인데도 재밌었어요
10,하츄핑 역시 인기있는이유가있음
8,아이가 좋아했습니다.
10,딸과 함께 좋은 시간 보내고 왔어요~
10,"오글거림을 매력으로 승화시킨 수작, 심지어 4학년도 너무재밌었다고 한다"
10,"유치하지만 스토리, 노래, 전체 메시지가 괜찮아서 30대인 성인 혼자서도 볼만함. 디즈니 100주년작 위시보다 스토리와 3D 모델링도 괜찮았다. 디즈니는 쓰레기를 내놨음."
10,어른들도 울리는 스토리~^^ 이쁜색감 딸이 너무 좋아해
10,노래도 영상미도 좋았어요..^^
10,쟤 진짜 잘 못 갈 것
10,재미 있는 것 같다 나
5,오로지 여아들을 위한 영화 두번 봄
10,표 검사할때가 제일 힘들었다... 중딩 남자 셋이서 사랑의 하츄핑 보겠다는데 눈치가 ㅎㅎ
10,너무너무 재미있고 노래도 좋았어요
10,감동뿜뿜 우리 하린이 울었음
10,우리 딸은 10점 만점이래요 지루해서 자려고 했더니.. 같이 보자고 자지 말래요 ㅎㅎ
6,하츄핑하츄핑하츄핑하츄핑
9,아이들 맞춤형 애니메이션
10,아이들이 너무 좋아했어요. 아빠도 재미있게 봤어요^^
10,하츄핑은 귀여운데 영화 세부적으로는 별로
10,너무 재미있었어요^^
7,예상외로 재미 있어요.
10,어른들도 몰입가능한!
10,어른이 봐도 재밌어요 굿
10,하츄핑 귀여워요 ㅋㅋ
10,내용이 좋고 영상이 예뻐요
10,아이때문에 보게되었는데 생각보다 재미있었고 ost도 참좋더라고요~^^
10,너를 다음영화에서 또만나고싶어 츄
10,아이들이좋아하고 너무 귀여웠어요~~
10,감동적이에용 영화 보면서 제 짝꿍 티니핑이 생각났어요 준서핑아 사룽해~
10,너무 재미있어다 행복했다
10,노래가 정말 좋아요
8,아들이지만 하츄핑 보고 왔습니다
9,하츄핑 보유국 든든하다
9,딸 둘과 함께 잘 보고 왔습니다
10,아이가 행복해하니 저도 좋습니다
9,딸래미에게 하츄핑은 못참죠
9,감동 감동 우정 사랑 이야기
10,너무 재미있게잘보고 아이랑 데이트도 잘했어요
7,무난하게 봤습니다.
10,하츄핑 또 만나고 싶네요^^
8,아이가 좋아하네요 잘봤습니다
3,아이들 무첫 좋아할듯..
10,아이 영화라 별 기대 안하고 봤는데 생각보다 재밌었습니다! 리클라이너 좌석 덕분에 더 편안하게 봤어요 감사합니다!ㅎㅎ
10,조카는 안울고 .... 나만 울었다
10,하츄핑 재미와 감동 다잡았네요
10,영상미와 ost좋았어요
10,아이와 너무 즐겁게 관람했어요.
10,애들이 좋아하네요 잘봤어요
10,아이가 좋아하는 하츄핑을 영화로 볼 수 있어 좋았어요 끝나고 잠시였지만 실물? 하츄핑도 만나 즐거운 시간을 보냈네요
10,막내가 너무 좋아해요.
10,딸과 잘보았ㅅㄷㅂ니다.
8,아이들이 좋아했어요
8,사랑의 하츄핑 사랑의 하츄핑
10,아이와 함께 즐겁게 봤습니다~
10,재미있고 감동적이었어요
10,재미있게 잘 보고 갑니다
10,뮤지컬처럼 중간중간 노래 나오는 부분과 로미가 너무 예쁘게 나와서 아이가 로미 스타일에 푹 빠졌습니다
10,별 기대 안했었는데 정말 너무너무 재밌었어요! 일단 보면서 그래픽이 너무 예뻤고 전체적인 스토리도 딱 잘 뽑았더라구요 눈물 찔끔 흘리고 갑니다…..
10,스토리도 탄탄하고 감동도 있고 집중할만한 포인트가 다양해서 즐거운 관람이었습니다
10,아이들이 즐겁게 봤습니다
10,6살 아들 살짝 무서웠다면서도 재밌게잘봤데요ㅎ
10,"하츄핑이 귀엽다. 왕자는 하울, 공주는 엘사를 흉내내보려 한 듯 하다. 말할 때 목소리는 애인데 노래할 때 목소리는 성인이라서 괴리감이 느껴졌다"
7,재밌게 관람했습니다
10,음악이 좋았고 캐릭터 마음에 들어요
5,줄거리도 그렇고 개연성이 넘 없네요
10,영상이 예쁘고 노래가 좋았어요 !보는 내내 눈이 즐거웠던 하츄핑 추천합니다^^
10,볼 때마다 울어요 ㅠㅠㅠㅠ
8,아이가 좋아해요. 여자 아이들이 많이 보네요.
10,아이들이 너무 좋아했어요~
10,잘 봤어요. 어린이들에게 좋네요.
10,짜임새있고 노래좋고
10,어른도흥미롭게보았습니다
10,조카랑 재미있게 잘 봤어요 ☺️
9,중간중간 현타가 오긴했는데 얼굴 보는 맛이 있었고 생각보다 재밌었음!!
10,딸아이가 엄청 재미있게 봤네요^^
10,재밌었어요.함께간 아이도 즐거워했어요.
10,좌석이 알록달록 아이가 너무 좋아했어요. 영상미도 예쁘고 OST가 좋았어요
7,디x니 보다는 일본 애니메이션 스타일과 유사하고 cg는 아쉽지만 노래는 좋습니다
8,애들이 재미있다고합니다 ㅎ
10,https://megabox.co.kr/movie-detail?rpstMovieN
10,https://megabox.co.kr/movie-detail/comm
9,다 같이 좋은 시간 보냈네요
8,아이가 너무 좋아했어요~~
10,이모션 왕국의 루미 포함 모든 이는 극단적 자본주의이며 티니핑을 물건 다루듯이 다룬다 하츄핑은 이런 자본주의에 의해 루미와 사랑에 빠지는 스토리를 다룬 다큐이다 하지만 노래는 좋다
8,즐겁게 잘 보았습니다
8,아가들이 좋아해요.
10,어른이 뵈도 너무나 재미있었습니다.
10,"처음 본 순간, 한눈에 반해버렸어!"
10,좋아요 재밌어요!!!!
10,감동이였어요 41살입니다
9,감동적인 영화로 볼만한 가치가 있었음
10,아기의 첫 만화영화 였는데 아기도 너무 즐겁게 봤다고 하네요
9,너무재밌고 감동적이에요 등장인물들 다 너무 이뻐요 귀여워요
10,감동적인데 전투신은 조곰 지루했어요 로미공주 너무 사랑스럽구 하츄핑은 사랑입니다
10,로미공주 너무이쁘고 하츄핑 사랑스러워요
8,"사랑의 하츄핑 (Heartsping : Teenieping of Love, 2024)"
10,너무 재밌고 감동적이었어요
10,하츄핑 아이랑 같이 봤는데 영상도 스토리도 넘 에쁘고 아이가 넘 좋아하네요
10,사랑스러운 음악과 구성
10,아이가 조금 무서워하긴 했지만 너무 재밌게 봤습니다
10,딸과 함께 오랜만에 본 영화. 관람내내 신나하던 딸
10,스토리는 좀 더 밝게 할 수도 있지 않았나 해요
10,아이도 보면서 여러번 울고 웃고~~저도 찡했네요~~
10,잘 봤습니다 ㅎㅎ 감사합니다
10,영상도 아름답고 뮤지컬 영화보는듯 했어요
10,진짜 재미있게 보았여요
10,재미잏게 잘봤어요.
8,여자 어린이가 좋아해요^^
8,이쪽 아이는 훌쩍였고 저쪽 아이는 대성통곡 더는 아쉬울 것 없노라
9,완벽하게 잘만듬ㅋㅋㅋ이럴수가
10,너무 감동적이잖아하츄
10,감수성 풍부한 일곱살 아들 눈물 펑펑 쏟고 열살 딸아이는 우는 동생 신기하게 보네요😊 노래도 좋고 하츄핑이 너무 사랑스러워요.
10,아이들이 너무 좋아했어요
10,아이가좋아하고티니핑이귀여워요
9,아이가 재밌게 봤어요.
10,재밌다 너무 잘만듬 한국을대표하는 만화
10,아이들이 좋아했어요
10,딸래미 통곡~ 극장 여기저기서 울음소리가~
10,"처음 본 순간, 한눈에 반해버렸어!"
10,사랑의 하츄잉 재밌네요.
10,어른인 내가 울었다..
10,아이가 너무 좋아했어요 특히 무대인사봐서 너무 행복해했습니다
8,나쁘지 않은 영화였당
9,어린 아이들이나 볼법한 유치한 만화영화에서 진정한 우정의 의미를 생각해보게 된다.
10,사랑의 핫츄핑 재미있네요
10,7살딸과보러갔는데만화영화는처음이라어른영화도아니고딸이영화보는동안내가졸리면어쩌지하고생각했는데막상보니지루하지도않고아주재미있었어요
10,애들이 재밌어합니다
10,친구가 엄청 재미있어햌ㅅ어요!!
10,하츄핑 귀여워요¡¡¡■■
10,아이들이 재미있게 봤다고 하네요
9,"처음 본 순간, 한눈에 반해버렸어! 처음 본 순간, 한눈에 반해버렸어!"
10,37살인데 울어어요
10,아이들이 재미있다고 합니다 뮤지컬 같다고합니다
10,재밌습니다 추천합니다
10,동생이 재미있었대요
10,영상도 너무 예뻐요.스토리도 재미있었습니다
10,아이들이 너무 재미있게 봤습니다.
10,너무 재미있어요~~딸이 정말 재미있게 봤어요~어른들도 재미있게 잘 봤습니다~
10,하츄핑 영상이 아름다웠어요
8,아이들과 보기 좋아요
8,아이가 좋아해요~ OST도 좋아요
10,아이가 오열을 하면서 봤네요~감동과 재미가 있는 하츄핑이었어요^^
10,아이가 좋아하는 하츄핑
10,아이가 너무 즐거워하며 보았어뇨
10,영화 좌석까지 어디 하나 나물할거 없이 잘보고 왔어요
10,재밌어요! 감동적이에요!
10,아이가 재미있게 봤습니다. 재밌어하네요.
10,아이들과 행복한 시간이었어요.
10,어른이 봐도 즐거웠어요.왕자님 잘생김ㅋ
10,별점10점은 아이가 매겼어요. 재밌어요. 처음 본 순간 반해버렸어!
10,너무즐거웠어요 아이도 재밌다고함
8,감동적이었습니다. 교훈이 있는 영화. 아이들은 조금 무서워했지만 어른이봐도 재미있었습니다
5,사랑해 하츄핑 또 보고 싶은 사랑의 하츄핑
10,아이들과 함께 보기 좋은 영화였어요
7,OST는 좋아요. 그 외에는 음....아이는 볼만했다고 하네요
9,색감 왜캐 이쁘조?? 핑크핑크 너무 이쁘고 영화 잼 났어요 전 좋았는데 신랑과 두 딸은 집중을 못하더라구요 ㅜㅜ 전 눈물도 흘리면서 봤답니다 ㅎ
10,아이가 너무 좋아해서 2번이나 봤어요 오른이 봐도 재미있다라구요
10,저는 모르지만 딸이 너무 재미있어 했답니다.
10,생각보다 재미있었어요^^!!
10,사랑의 하츄핑은 사랑입니다.
2,스토리가너무진부하네요 아이들도 후반부는 지루해했어요
10,잘봤습니다 추천드립니다
10,애기도 좋아하고 저도 너무 재미있게봤습니다 그리고 굿즈 너무 귀여워요
10,아이들은 좋아했지만.. ㅜㅜ 뭐 애들이 좋아했음 됐죠ㅋㅋㅋ
10,어른이 봐도 감성적인 면이 있음
10,"애들 영화보고 울어보긴 처음이네요. 스토리, 음악 너무 좋았습니다♡ 아이가 또 보여달라네요^^"
10,아이와 같이본 첫영화에요. 아이는 아무렇지않아하는데 제가 울뻔했어요^^;;
10,재미있고 감동적이에요
10,아이가 좋아했어요ㅎㅎ
10,아아가 넘 쟁있게봤네요
10,하츄하츄 하츄핑^^
8,ㅜㅜㅜㅜ어른인데 울면 안되는데...
10,아이들이 너무 좋아했어요
10,아이들이랑 잘봤어요
10,딸이 눈물나고 감동이래요
10,2020년의 로보트 태권브이 인어공주 겨울왕국
10,성인이 보아도 재미있게 볼 수 있었습니다
10,조카도 없고 동생도 없어서 혼자 보러 갔다 왔는데 노래들 계속 반복재생 중이요 로미공주와 티니핑들 너무 귀엽고 왕자님 잘생겨서 반했어요ㅠㅠㅠㅠ 인상이 깊은 작품이네요 감동적입니다
10,"아이가 2번이나 울었어요, 감정이입이 매우 잘되었나봐요^^ 사실 하츄핑 잘몰랐는데 정말 귀엽더군요 ㅎㅎ OST 정말 좋아요, 영상미도 훌륭하고...몇몇 아버님들은 주무시더군요ㅋㅋ"
10,영화보면서 애들 힐끔보는데 애들 눈에 하트가 넘쳐요. 애들이랑 꼭 가세요.
10,예쁘게 빤짝이게 표현하는부분 좋았어요 스토리도 끌지않고 깔끔하게마무리되어 보기좋습니다.
10,애들이 너무 재밌게 봤데요
10,아이들보여줬는데 너무 재밌었대요
10,감동의 눈물~~♡♡
9,영상이 너무 예뻐요. 여자아이들이 좋아할만 함ㅎ
10,아이와 잼있게 봤습니다 아직도 구매해야할게 많네요 덕분에 제 등골은 휩니다 ㅜㅜ
10,사랑해 하추핑 ❤️
8,하츄핑 귀여워서 깨물어서 터뜨리고 싶다
10,재미있고 감동적이에요
8,유치원생 이하 잘 볼 듯. 초딩만 되어도 살짝 지루할 수도
10,조카랑 보러 갔어요 어른이 봐도 꽤 재밌네용
10,사랑의 하츄핑 짱짱짱
10,아무일도 하지않는 왕자님 목숨걸고 구하는 로미 이쁜 영상미 노래도 좋네요
10,오늘부터 나는 캐치티니핑 팬!!!
10,어두운 걸 무서워하는 딸아이가 생애 처음으로 극장에 가자고 해서 같이 갔습니다. 모처럼 영화관에서 즐겁게 시간 보냈네요. 고맙습니다... 에일리언을 보고 싶었던 아빠가...
10,뽀로로의 뒤를 잇는 초통령의 위엄
10,아이가 눈을 떼지 못하고 봤어요~ 재미있게 잘 봤습니다.
7,하츄핑 사랑스러운 이야기
10,2024 최고의 영화
9,아이가 보기에는 무서웠는지 중간에 보다가 나왔어요*_*
9,귀여운 애니메이션이라니! 잘 보았어요
10,5살 딸아이는 재밌게 잘 봤다네요~
10,기대 안 하고 봤는데 눈물이 흘렀습니다…
10,하츄핑!!! 너무 귀여워 ㅠㅠ 맨날 보러 가고 싶어
10,킹 츄 핑 대 츄 핑 황 츄 핑
10,색감도 예쁘고 음악도 좋구 지루하지 않게 잘봤어요
10,재미있게 잘 관람했습니다
10,아이와 같이 봤는데 재밌었어요~
8,생각보다 재미있고 하츄핑 너무 귀여움
10,엄청나게 재미있는 영화 입니다 😄
10,딸아이가 너누 좋아하네요
10,아이와 함께 보기 좋은 것 같아요. 재미있게 봤어요
10,5세 아이와 재미있게 봤어요
9,생각보다 너무 잘 나와서 보는 내내 놀랬다 로미 연기할 때랑 노래부를 때 연기자가 다른 건 아쉬웠다 이지현 성우님이 노래도 잘 부르시는데 둘다 맡았으면 좋았을 것 같다
10,슬픔과 기쁨행복이 공존하는 영화였습니다. 아이들이 좋아합니다
6,애가 보다가 무섭다고 해서 중간에 나왔어요
10,너무나도 귀엽고 좋았습니다 ㅎㅎ
10,올해 38살... 아직 눈물샘은 마르지않았다는걸 깨닫게해주는 하츄핑이었다..
9,노래 넘 좋아요.아이들이 좋아하는 영화
8,재밌게 잘 보고 왔어요. 하츄핑 귀여움.
10,1학년 아이가좋아해요
10,초딩 아이들이 재밌게 잘 봤다고 합니다. 조카는 슬퍼서 조금 울었다고도 하네요.
10,아이들이 보고싶어해서 보여주였는데 감수성 풍부한 우리 작은아이는 3번이나 훌쩍 울었다네요~
10,노래도 좋고 영상미도 좋고 재미있게 봤어요
10,재밌어요 아가들이 왜울었는지 알겠음 처음 본 순간 빠져브렸어요
10,너무 감동적이에요 애기들 뿐민 아니라 성인도 보기 좋네요
8,시간가는줄 모르게 빠른 전개가 좋았어요. 뮤지컬처럼 느껴지는 영상과 노래가 멋있었어요.
10,아이도 울뻔했다고 귀엽게 말하네요~
10,끝까지 포기 안하는 주인공에 감동 먹는다더니 드렇네요
10,아이들이 좋아합니다
9,아주아주재미있게봤습니다
10,아이가 눈물을 흘리며 봤어요 ㅋㅋㅋㅋ티비보다 영화가 더더더 재미있다고 하네요 그래서 또 보러 갑니다.
10,노래가 너무 좋아요 감동적이고
10,아이들이 너무 좋아해요 즐거웠어요
9,아이가 폭풍 좋아해요 대박나세요
10,vzkvzkgxkgxgkx
7,아이랑 시간보내기 좋았어요
10,하츄핑 너무도 사랑스러운 캐릭터입니다
10,웅장하고 친구라는 소중함을 알게해줬어요
8,엄마는 오글거렸지만 딸은 무척 좋아했어요
10,아이가 처음부터 끝까지 집중해서 봤네요ㅎㅎ 끝나고도 또 보고싶다고 할만큼 재미있었나봐요
10,구성도 탄탄하고 아이가 너무 좋아했어요! 어른인 제가 보아도 그림이 너무 예쁘더라고요 ^^
10,하쥬핑이나 로미나 너무 예쁘게 그려졌네요.무대인사때 가서봤는데 말한마디 안했지만 너무 예뻤어요
10,아들이 펑펑 울었어요 감동포인트있어요
9,하츄핑이 귀엽고 나름 재밌어요.
10,감동 하츄핑이랑 같이 울고 웃음. 어린이영화라고 우습게볼게아님
10,감동있는 영화예요~너무예쁘고 핑크핑크해서 여자아이들이 좋아할만 합니다^^
10,34개월 아이랑 보고 왔습니다^^ 후반부 하츄핑이 잡혀가는 장면에서 입삐죽삐죽 울먹울먹 거리더라구요ㅎ 아이에게 물어보니 하츄핑이 괴물한테 잡혀가서 사라질까봐 무서웠다네요~🤣
10,저랑 제 딸은 T인가 봅니다 ㅋㅋ
9,아이가 좋아하더라구요^^
9,하츄핑을 보니까 우리 집 반려인형이 떠올랐어요.
9,하츄핑을 보니까 우리 집 반려인형이 떠올랐어요.
10,아이랑 보기 너무 좋았던 영화 살짝 무섭지만 스토리가 아름답습니다
9,보다가 마지막엔 살짝 졸았다. 하지만 그런들 어떠하리. 내 자식은 너무나 재밌게 보고 다음에 또 보고 싶어한 것을. 아이의 추억 한켠에 하츄핑과 팝콘과 영화관이 생겼다.
10,하츄핑을 보니까 우리 집 반려인형이 떠올랐어요.
10,시시하지 않고 재밌었어요
10,감동그자체! 아이들의 마음과 어른들의 동심도 찿아주는 시간!
10,재미있는 영화 입니다
10,이걸보는내가 너무 재밋음
8,아이가 너무 좋아하더라구요~ 같이 재밌게 봤어요
10,영화 재밌게 봤어요.
10,사랑의 하츄핑핑핑~!!
10,영상미 예쁘고 잼있어요
10,아이와 함께 봤어요~~애는 안우는데 저만 울었다는...ㅋㅋㅋ
10,재미있게 잘 봤어요!
10,애기들이 좋아해요~~~
8,아이들이 좋아했어요.
10,아이들이 넘 잼나고 감동적으로 봤네요^^기대이상입니다^^
10,딸래미가 좋아해서 보고 왔어요. 아이가 좋아할 만한 영화
10,우리아이 최애 하츄핑. 모든것의 시작은 너부터였어
10,너무너무 좋았어요 영상미 최고
10,4살 아이랑 보기 참 예쁜영화였습니다
10,아이들에게 최고의 선물
10,사랑의하츄핑 잘 봤어요
10,너무 감동덕이예요ㆍ친구들한테 추천하고 싶어요ㆍ
8,애기들 울고 불고 ㅎㅎ
10,아이가 눈을 안떼고 봤습니다. 물론 저도 눈물쏟았어요
10,좋다. 딸내미가 좋아해서.
10,"6살 여 조카랑 보고 왔는데, 눈이 스크린에 고정되고 말걸어도 무시 당했습니다."
10,하츄핑이랑 로미 평생 행복하게 잘 지내ㅠㅠ 영화내내 너무귀여워서 가슴이 아팠다...
10,아이와 함께 재밌게 봤어요~
10,딸아이가 좋아했어요
6,나의 하츄핑이 되어줘
10,재밌게 잘 봤습니다 33개월 아이랑 첫 영화관 데이트라 잘 볼까 울지 않을까했는데 하츄핑이여서 그런지 아이도 저도 좋은 추억이고 지루하지 않게 잘봤습니다ㅋ
8,아이들의 우정이 잘 그려진 영화였습니다
10,아이들이 너무 재미있게 보고와서 뿌듯해요
10,너무 감동적이였어요👍🏻👍🏻👍🏻
8,4살 여아 조금 무서워했어요ㅠ
10,아이가 좋아해요 집중해서 잘 봤습니다
9,오랜만에 재미있게 보았어요
10,트러핑 흑화된 모습이랑 흑화 않된 모습 너무좋아
7,조카가 너무너무 좋아했어요
10,아이들 영화인데도 재밌게 잘 봤어요ㅎㅎ
10,어린이들 감돔오열~ 엄마아빤 동심의 세계로♡ 스토리는 엉성한편이지만 아이들에게는 오히려 단순한 전개로 흡인력이 높아진 느낌
10,아이가 너무 재미있게 봤어요
10,눈물 날 정도는 아닌뎅.. ^^
10,아들래미랑 갓는데.... 아들은 팝콘먹느라 정신없고.. 엄마가 더 재밋고 감동😭 눈물핑 했어요 😂😂
10,여자아이 혼을 쏙 빼놓습니다. 쫄보아이는 클라이막스부분에 나가고 싶다고 합니다
9,괜찮은 영화 였어요~~~
8,지루하지 않고 재미있게 봤어요
8,영상미가 좋았어요 재미있게 봤어요
8,아이들이 좋아하네요 재미있게 봤어요
9,아이들이 보기 너무 좋아요~~영상도 너무 이뻐요
10,어른끼리 봣어요 ㅎ 엽서도 받고기분좋아요
10,유치부아들이 너무 재미있어했어요
10,K-겨울왕국 아이보다 더 재밌게 보았음 .. ♡ 하츄핑 .. ♡
10,어른이 봐도 멋진왕자님 어른이 봐도 예쁜 영상 어른이 봐도 눈물이글썽
10,애들이 좋아하니 편하네요.
10,애들이 너무 좋아합니다.
8,배경도 좋고 연출도좋긴한데 스토리는 역시 예상했던데로임
10,은근 감동과흥미로움이~ ㅎㅎ
10,아이와 함께보기 좋은거같습니다.
7,저희 딸이 친구랑 보고 와서 재밌었다네요.
10,재미있어요 ㅎㅎㅎㅎ
10,너무 재밌고 9세딸 울고… 저도 눈물이 핑… 강추합니디
10,아이가 너무 좋아했습니다
10,탄탄한 스토리로 영상미까지 더해져서 좋았어요
10,재미있게 잘 관람했습니다
10,어른인제가 감동받는 스토리에 반했어요
10,한국 어린이타겟 영화들은 그래픽이 아쉽고 연기도 어색하다는 생각을 가지고있었는데 작화 연출 연기 모두 훌륭해서 놀랐습니다. 재밌게 잘봤습니다. 앞으로 극장판도 기대되네요.
10,보기 좋네요~~굿!!
10,정말정말 재미있는 영화였슴다
10,나이불문하고 모두에게 감동을 주는 스토리 티니핑들 너무 귀여워요 기대이상 보는내내 엄마미소
7,재미있어요 재미있어요
7,재미있어요 재미있어요
10,진짜 진짜 재밌당!!!ㅋㅋㅎ
10,너무 귀여움의 극치를 느꼈습니다!
10,퀄리티가 좋아요. 중간중간 노래도 나오고 아이가 좋아하네요
10,중간중간에 나오는 노래들도 좋고 하츄핑이 너무 귀여웠습니다 ㅎㅎ 스토리도 감동적이었습니다 덕분에 눈물을 훔치는 친구를 보았습니다👍👍👍
10,아이랑 재미있게 보고 왔어요 아이가 슬프다며 눈물을 몇 번이나 흘린 줄 몰라요ㅜㅜ
10,6살 아이가 너무 좋아하네요
10,남아 여아 두명이랑 같이 봤는데 확실히 여자아이 끝까지 집중 해서 봐요
10,영화 너무 재밌었어요
10,영화 너무 재밌었어요
10,영화 너무 재밌었어요
10,감동 재미 최고입니다 지인들에게도 추천하고있어요!
10,아이도 저도 너무 집중해서 잘 보았어요 ost도 좋았고 아이가 좋아할만한 내용으로 어렵지않아 너무 즐거운 시간이었습니다^^
10,노래가 다 좋았습니다.
10,너무 재밌게봤어요 굿
10,너무 재밌게봤어요 굿
10,ㅋㅋ 아이가 재밌어 했어요 ㅋ
10,눈물 찔끔났어욬ㅋㅋ
10,최근 개봉한 국산 애니메이션 중에선 수준급
7,즐겁게 관람했습니다
10,자녀랑 잼있게 잘 봤습니다.
10,노래가거의 뮤지컬 수준이라서 좋았어요
10,아이가 보면서 웃기도 하고 울면서도 보고 상영시간 동안 지루해 하지도 않고 몰입해서 봤어요
10,노래가 좋아서 좋더라구여
10,재미있게 잘봤어요.
10,성인인 딸도 보고 눈물을 흘리네요
10,동생이랑 같이 봤었는데 좋았어요
10,우리 막내가 환장을 해요
9,재미있게 잘 봤습니다.
10,역시 하츄핑입니다.
10,아이들이 좋아했어요.
10,두번째 봤는데 기대를 빼고보니 더 재미있었네요..ㅎㅎ
10,애들이 너무 좋아해요
8,남주가 정말 잘생겼어요♡♡
8,아이뿐 아니라 성인이 봐도 재밌었어요
10,재미있고 구성도 좋아요
10,눈물이 멈추지 않네요
6,하츄피잉 하츄피잉 좋야요
10,재미 있게 봤습니다
10,스토리가 감동적이고 OST도 좋아요
10,조카보여줬는데 너무행복해해서 저도 흐뭇!
10,너무 재밌게 잘 봤습니다
8,친구들이랑 보러 갔는데 귀여워요 ㅋㅋ 나오는 노래 다 좋음 근데 애기들 보는거라 딱히 재밌다기보단 그냥 귀여워서 보는? 글고 여기저기 시크릿쥬쥬랑 너무 비슷해서 놀랐어요 ㅠㅠ
6,6세 남아가 무서웠대요.ㅎㅎ
10,잘봤습니다 감사합니다
10,남주 진짜 개존잘;;;
10,너무 재밌어서 울었어요
8,"사랑의 하츄핑 (Heartsping : Teenieping of Love, 2024)"
10,잘봤어요 가족끼리 보면 참 좋네요
10,재미있게 보았어요ᆢ 조카는 슬퍼서 눈물도 흘리더라구요ᆢ
10,사랑의 하츄링 좋았습니다.
10,좋아요 좋아요 좋아요 좋아요
10,노래가 너무 좋아요. 아이들도 재밌게 잘 봤다네요^^
10,애기들이넘조아해요요
10,잘 봤습니다. 감사합니다.
10,아이가 재미있었다고 합니가^^
10,애들이 재밌게봤습니다.
10,아이와 너무너무 재미난 시간이었습니다
10,서로를 위한 마음이 모여 이루어낸 이야기
10,아이랑 봤는데 너무 감동적이었어요
9,5살 딸아이가 졸지 않고 재밌게 봤어요~ 소리가 너무 커서 팝콘 먹을때 빼곤 귀를 막고 봤어요.
10,넘넘 재밌고 즐겁게 봤어요
10,딸아이가 좋아합니다. 어른은 잠와요 ㅎㅎ
7,240815현대아울렛사랑의하츄핑
9,아이들이 좋아할 것 같습니다
10,딸이랑 같이 재미있게 잘 봤어요
10,아이랑 같이 보러 갔는데 어른들에게도 뭔가 메세지를 주는 영화였습니다.
10,진짜 너무 재밌어요 이 나이에 하츄핑에 빠져버리다니 큰일이네요😅
10,아이들이 좋아할 영화네요 보는동안 즐거웠어요
10,아이랑 재미있게 봤네요 영상미가 좋아요
10,감동적인 애니였어요 성우도 탄탄하고 스토리도 괜찮아서 추천합니당
10,"굿....,....,"
10,해당영화를관람하였습니다
8,이이들이 환장하는 캐릭터의 힘
10,재밌어요 아이들과 관람 추천합니다.
10,애기들이 재미있게 보네요
10,fajfajzcjzvzjczcj
9,재밌게 관람했습니다.
7,아이가 무척 좋아했어요~~~^_^
10,아이가 지금까지본 영화중에 가장 재미있는 영화라네요!!
10,아이들과 함께 재미있는 시간
10,아이가 감동을합니다^^
10,아이랑 함께 재밌게 관람했어요
7,아이들의 꿈을 키워주기에 좋라요
9,Ost 좋아요 눈물 한방울
10,아이가 너무 좋아했어요 최고
9,저희 애가 꼭 보고싶어해서 간건데 성인들이 보기에도 괜찮은 영화입니다.
10,아이따라 가서 본영화인데 아이도 엄마도 영상미와 ost듣느라 눈과귀가 너무즐거웠습니다.
10,생각보다 재미있어요
10,유치원생 딸이 너무 좋아했어요~ 굿즈도 사고싶네요ㅎㅎ
10,아이들이 너무 좋아했어요. 기대 이상이었네요.
10,어른이봐도 재미있어요~~
10,너무너무 조카가 좋아했어요!!
9,재밌었습니다. 겨울왕국 따라한 기분은 듭니다.
10,조카가 아주좋아했어요!!
8,ott로 시원하게 보세요~
7,ott로 시원하게 보세요~
4,좀 유치했습니다 슬픈 포인트가 뭔지 모르겠습니다 그래도 남주 얼굴이 잘생겨서 4점 드립니다 좀 돈이 아깝긴 한데 남주 얼굴이 잘생겨서 어느 정도 이해가 되네요
10,아이들도 좋아하는 하츄핑
10,아이가 좋아해요. 딸과 좋은 추억 만들었습니다.
9,하츄핑 너무 귀엽더라구요
9,4학년 중2 아이들과 봤는데 너무 재밌게 보았어요
9,4학년 중2 아이들과 봤는데 너무 재밌게 보았어요
9,4학년 중2 아이들과 봤는데 너무 재밌게 보았어요
10,4학년 중2 아이들과 봤는데 너무 재밌게 보았어요
10,사랑스러운 영화네요^^
10,아이들과 함께 몰입해서 밨네용ㅎ 노래가 자꾸 생각 날 정도로 어른이 바도 마음이 행복해지는 영화였어용
10,오랫만에 따뜻한영화 관람하고 왔습니다~친구의 소중함을 다시한번 느끼고왔네요^^하츄핑 넘 귀여워요~~
10,너무 사랑스럽고 궈여워요
10,아이가 좋아해요. 5세 9세
10,사랑의 핫츄핑 재미있네요...
10,아이들이 또보고싶다할정도로 재밌었어요 노래도 잘부르고 어른도 볼만합니다
10,아이가 아주 좋아했어요 ㅎㅎ
10,애들이 너무 ㆍ즣아해요
4,노잼 등골핑 자녀때문에 옴
10,사랑의 하츄핑 재밋어요🩷🩷
10,아이도 즐겁고 같이 본 어른도 감동이 있는 영화에요
10,딸아이가 아주 좋아해요 울기까지 하네요^^
10,너무 재미있었고 마지막에 울컥
10,아이랑 너무 재미나게 봤어요.
8,아이들이 아주 좋아해여. 감동도 있고요.
10,조카들이 좋아 하네요.
10,생각보다 스토리도 있고 뮤지컬처럼 재미있었어요
10,고등학생 셋이 봤는데도 너무 재밌었어요!!! 하츄핑 너무 귀엽고 ... 왕자님이 넘넘잘생겻어염😍😍 추천!!! 넘버도 짱조았음
10,아이들과 보기 죻았습니다 로미와 하츄핑 영원하길...
10,재미있게 잘 등록했어요
10,아이가 너무 좋아하네요
10,감돔적이예요 최고ㅜㅜ
10,너무귀여워요 사랑해 하츄핑
7,"아이들이 티니핑 좋아해서 봤는데, 스토리 자체가 초등학생 저학년이 보기에 맞았던 것 같아요ㅎㅎ ,"
9,아이가 너무 좋아하네요^^
10,어른이 왜울어?.. 나도 울어
10,아이가 엄청 좋아라해요
10,수아 첫 영화관 관람. 영지랑 관람.
10,나름 재밌네요. 스토리는..
10,너무 재밌게 잘 봤어요 지루할틈이 없었어요^^ 아이가 좋아해요
10,궈엽고 재미있고 감동스러워요~
10,너무너무 재미있어요~~
10,"스토리 내용과 OST가 알차고, 재밌게 봤습니다!"
10,아이와 재미있게 잘 봤어요
10,재미있게 잘 봤습니다.
10,아이가 좋아해요 만족합니다
10,어른이 보기에도 감동이네요.
8,뮤지컬같은 노래와 영상이 예쁜영화
8,재밌게 잘 보았습니다!
10,노래가 너무 좋아요☺️
10,고딩 딸내미도 즐겁고 재미나게보네요 ㅎㅎ
10,아이들과 재미있게 잘 보았습니다
10,내맘이 두근두근두근~~ 하츄핑 노래좋네염
10,아이가 재미있게봤습니다
10,너무 너무 귀여워! 나도 찾을래 나만의 단짝핑
4,어른이 울었다 스토리가 탄탄하다 감동적이다 이런 평이 유행인가보네요.. 실제는 유치하고 개연성 없는 오글거리는 스토리의 애기영화일 뿐이에요 근데 애기들이 재미있게 봤음 된거니까요ㅎ
9,아이들이 보기 좋아요~ 뮤지컬 느낌도 있네요
10,아이가ㅜ아주 좋아했어여 중간에 좀 무서웠다네여 ㅎㅎ
10,아이가 좋아해서 만족합니다
10,"삼남매의 첫 영화관나들이의 첫영화가 된 사랑의하츄핑♡ 아이들 셋다 시작부터 끝까지 집중하며 봤어요. 전 영상미도 좋았지만,음악이 너무 좋았어요 뮤지컬느낌의 영화라 개인취향 저격"
9,한국 애니메이션 헐리우드에 비해 손색이 없음을 극명하게 보여준 놀랍고 사랑스러운 영화
10,노래가 좋고 스토리도 좋았습니다.
10,영상미10점. 40대 남성은 이해 힘든 스토리
10,로미가 하추핑을 위해 노력하는 모습이 감동적이였어요.
10,꼬맹이가 눈물도 흘리며 감동이라고 하세요
10,너무 잘봤습니다 3.5세 두아이 눈물뚝뚝~!! 엄마가봐도 감동이 감동이~~~ 스토리 너무 잘 짜여있고 영상까지~최고였어요^^
10,"영상미와 스토리도 좋고, 노래도 좋았습니다.^^ 재밌어요~~~♡♡♡"
10,딸랑구는 말똥말똥 애미는 눈물펑펑
10,너무 예쁘고 사랑스럽고 감동적이였어요~ 아이와 행복한시간 보냈어요^^
10,조카들이 매우 만족해함
10,생각보다 퀄리티가 훨씬 높았어요. 뮤지컬로 공연해도 손색없는 음악과 시나리오 였습니다. 아이들이 곳곳에서 대성통곡합니다. 어른들은 그게 귀여워서 웃어서 눈물나네요.
10,너뮤좋아요🩷🩷🩷🫰🏿
10,와 재미있게 잘 보고 왔습니다
10,정말 재밌어요 아이랑 봤는데 어른도 재밌을줄은…
10,사랑의하츄핑영화재미있어요악당은너무무서워요
10,스토리 음악 모두 재미있었어요
7,사랑의 하츄핑 넘 넘 예뻐요
8,의외로 영상미나 OST만 보면 Dolby Cinema에서 틀어도 될 수준
10,돈 아까울줄 알았는데 나름 괜찮았어요~ 아이들도 재미있어했고요^^
10,최고의사랑을 보여줬어요
10,5세는 무서워요 ㅠㅠ
10,친구와의 우정을 다시 힌번 떠 올리게~
10,너무 재미있게 봤습니다.
10,하츄핑이 귀엽고 슬퍼요
10,아이들이 보기에 재미있었습니다 하츄
10,아이들이 집중해서 잘버네요
10,아이랑 재밌게봤어요
10,귀엽고 힐링되는 영화였어요
10,아이와 함께 재밌게봤어요
10,아이와 함께 봤는데 재미있었어요^^
8,아이가 재미는 있는데 무서워서 다시 안본다고 하네요
8,7세 10세 여아 재미있게 잘봤어요
8,아이들이 재미있게봤어요
10,무대인사도 보고 좋았어요.우는 아이들도 있었네요
10,아이가 너무 잼있어하네요
10,아이가 아주 좋아했어요 ㅎㅎㅎ
10,어른이봐도재미있었어요
10,하츄핑하고 로미가 성이 무너져 깔릴때 진짜 죽는줄알고 영화관 안에있는 아이들 모두 안된다고 소리지르고 울고 어른들은 그 순수한 모습에 다들 웃고 ㅎㅎ 아이들ost가 이리좋나요 ㅠㅠ
10,잘 봤습니다. 감사합니다.
8,관람하는 내내 사랑이 가득한 영화
10,4살된 아이와 함께보러갔는데 너무 재미있었어요! 아이도 집중해서 볼수있어서 같이 좋은 시간을 보냈네요^^
8,아이들이 좋아하네요.
10,어른인데도 너무재미있게봤고 눈물도 났어요 6세 아들이랑 4살때부터 영화관 분기별로 다녔는데 너무재밌다는 표현 처음으로했어요 강추입니다
10,아이들뿐만 아니라 저도 감동적으로 잘 보고 왔습니다.
10,완전 재밌어요!! 추천합니다
10,아이가 너무 재미있었다고 합니다.
10,기대안했는데 감동 있는 스토리가 뭉클했어요
10,"아이가 보고싶어해 보고는 어른이 은근 빠져드는 영화. 뮤지컬영화 구성이여서 관람끝나고 어른인 내가 좋아하는 ost가 생김. 지루할수있으나 노래, 구성 괜찮음!"
10,아이와 너무 재미있게 봤어요 ㅎㅎ
10,아이들이 재밌게 봤다고 합니다. 뉴스에선 어른이들도 많이 본다고 하네요.
10,갓갓의 갓츄핑 최고의 영화 추천합니다
10,초등학생도 재미있었다네요^^;;
10,애기들이 너무좋아했어요
8,흥미롭게 잘 보았습니다!
9,아이가 너무 좋아하네요
10,재미와 감동이있네요 잘 봤어요
10,아이도 어른도 같이 봐도 재밌어요 눈물 핑~
10,아이가 무서우면서 재밌대요^^ 또 보고 싶다고 하네요
10,긋긋긋 최고의 영화 긋긋
8,즐겁게 관람했습니다.
10,넘 재밌어요~!! 아이들이 진짜 좋아하네요
10,재미있게 잘 봤습니다 7살 아이에겐 조금 무서웠나봅니다~
10,하츄핑과 로미의 관계는 순애입니다... 처음에는 로미의 일방적인 구애라고 생각했는데 알고보니 둘은... 이건 순애입니다 누군가가 티니핑에 대해서 묻는다면 순애라고 대답하세요
10,다 재밌었다네요~친구가 울었어요 두번이나
10,어린이 애니메이션입니다.
10,블링블링하네요 잼있어요
6,인생의 소울메이트 하츄핑
10,내 아이가 가장 좋아하는거라 나도 그냥 좋음 ㅎㅎ
7,귀엽고 사랑스런 하츄핑
8,귀염뽀짝하는 사랑의 하츄핑
10,아이가 7살인데 조금 무서워했어요. 내용도 좋았고 뮤지컬 처럼 진행되서 좋았습니다. 슬펐는지 우는 아이들도 있었어요
10,노래도 나오고 너무 좋았어요~아이들이 너무 재미있었다고 하네요
10,눈물없이 볼수 없다고 하네요 너무 감동적이래요
7,성우 발음이 너무 좋아서 내용을 놓치지 않고 잘 이해했습니다
10,아이들이 좋아하는 핑이들~~^^ 굿굿
10,"어른이 봐도 재미있었다. 아이들과 가족모두 다같이 봤는데, 기대이상이었다."
10,재밌게 잘 봤습니다~!
10,사랑의 하츄핑 영화 좋아요
10,감동적이어서 눈물 세번정도 흘렸어요ㅜㅜ
10,아이가 좋아했어요.
10,아기도 엄마도 만족!! 하츄핑이 매우 귀엽네요 ㅎㅎ
10,6살 아이가 너무 재미있게 잘 보네요~
10,즐겁게 관람했습니다 감사합니다
8,생각보다 재미있어요 애들이 좋아합니다
10,세상을 구하는건 왕자님만 있는게 아니라 공주님도 가능합니다
8,비쥬얼이 너무 화려해서 아이가 너무 좋아했어요 굿즈가 너무 비싸서 별2개 뺐네요
10,진실한 우정을 보여줌.실증자주내는 아기들 강추
10,딸아이 재미있다고합니다 굿
10,너무 재미있었어요~~^^
10,아이가 너무 좋아햇어요
6,아이수준에 딱 맞는 스토리 잘만들었네요
10,아이가 잼있어 합니다
10,아이들이 정말 좋아해요
10,이게 한시간반영화였다니. 뮤지컬처럼 노래가 많이 나와서 시간가는줄 몰랐어요. 어른인 저도 찡 했어요. 아이들도 울고 ㅜㅜ 너란녀석 역시 파산핑이구나
10,아이가 매우 좋아합니다
10,너무 재미있고 즐거웠어요 😁
10,너무감동적이고 재밌었어요^^
10,"꼭~보세요^^ 아이때문에 예매했다가…제가 반하고 왔네요 ㅎㅎ 스토리도 좋고,뮤지컬 같아서 더 좋았어요~ 노래는 더더욱 좋습니다😍"
10,아기가 너무 좋아하는 영화 였습니다.
10,감동적이고 재밌었어요. 저와 딸은 눈물 줄줄 흘리면서 봤어요ㅎㅎ
10,중딩들 재밌게 봤답니다
10,딸들과 함께 봤는데 영상이 정말 예쁘고 저도 재밌게 봤어요! 같이 울었어요ㅋㅋㅋ..
10,아이가 너무 재미있게 봤어용~
10,아이들이 좋아합니다.
8,아이랑 재밌게 뵜어요~
10,역시 하츄핑 아이가 좋아함
10,감동 받아 우는 아이들
9,영상이 정말 예뻐요~❤️
10,감동적이었어요 노래가 좋았어요
10,감동적이고 재밌어요
10,아이와 즐겁게 잘 봤어요
10,아이가 굉장히 좋아함.
10,아이가 정말 좋아해요^^
10,재미있어요 ㅎㅎ 잘 봤어요
10,아이들이 너무너무 좋아했어요!!!
10,아이가 너무 좋아했어요~ ㅎ
10,우리 지유가 행복해서 눈물글썽거리면서 봤어요~
10,극장판 소아온 프로그레시브 다음으로 재밌게 본 영화
10,재밌었어요 추천합니다
10,어른이봐도 꿀잼이에여
10,이게사랑이지 아이들만화가주는 감동
10,티니핑이 귀엽고 왕자가 잘생겼어요
10,아들이지만 블링블링하고 예쁜걸 좋아해서 집에서도 많이 본답니다 ㅋㅋ 중간중간에 눈물나서 혼났네요 워낙 감정에 집중을 ㅋㅋ; 아이들과 재미있는 시간 보냈습니다. ♡
10,8살 딸아이가 너무 잼있었다고 합니다 ^^
5,먼가 지루하다...1시간이면 나을지도
10,조카랑 재밌게 봤어요 무서워서 울기도 했지만 재미있었다고 좋아하네요
10,인스타그램 광고에서 얼마나 감동적이길래 애기가 우는거 보고 궁금해져서 친구들 데리고 봤음 아동용 전체이용가인거 감안해도 나이 먹고 봐도 울컥한 상당한 수작입니다.
8,아이가 아주 집중해서 봤어요 애기들 울고 웃고 난리
10,감동도 있고 재미도 있는 영화였어요~~ 아이들과 너무 재미있게 봤는데 아이들도 감동하면서 울고 웃고 했어요^^
4,"새로운 길을 떠나지만, 마침내 만나게 된 ‘하츄핑’은 인간과의 소통을 거부하는데"
10,.아이들이 좋아해요.
10,재밌게 잘 봤어요~~~
10,5세 딸 아이가 재밌게 보았습니다👍🏻
8,블링 블링 하면서 동심을 울리는 영화. 넘 사랑스러운 캐릭터들
10,아이들이 좋아했어요!!
10,사랑의 하츄핑 아이들 방학영화 대박
7,아이들이 좋아할만 하다.
10,영상이 너무 예쁘고 내용도 너무 아름답네요. 아이랑 보기 좋은 영화였어요.
10,아이들이 즐겁게 봤어요
9,온 가족이 보기에 더 없이 좋은 영화
10,애기가 감동의눈물을 뚝뚝흘리네요~
10,사랑이 넘치는 하츄핑 너무 사랑스러운 모습에 아이들이 너무 좋아 하네요
10,감동적이었어서 보다가 눈물 흘렸네요.. 하츄핑이 너무너무 귀여워툐ㅜㅜㅠ
10,아이들이 매우 좋아합니다.
10,아이가 재밌어 하네요~ 조카랑 같이봤는데 조카는 울고불고 ㅋㅋㅋ
10,겨울왕국 오마주가 보여요. 웰메이드 어린이 만화입니다.
8,예쁜 영낭이 아이들한테는 딱이네요
10,"재미써써요,좋아해요,하츄핑 귀여워요,감동적이었어요"
7,tv 시리즈 구성에서 크게 벗어나지 못했네요. 초2 여아도 유치하다고 합니다. 더 어린 아이들이 즐길 수 있는 영화 같아요.
10,로미와 하츄핑의 첫만남을 영화로 보게 되어서 아이가 너무 감동이였다고 하네요ㅎㅎ 뮤지컬 영화여서 너무 재미있게 봤습니다!
10,하츄핑 귀여워요 ㅎㅎㅎ
10,어린이가 정말 너무너무 좋아해요 저학년한테 알맞음.
10,로미와 하츄핑 우정의 시작.. 조금 더 일찍 나왔었으면 좋았을텐데
10,너무 감동을 받아서 성인인데도 불구하고 울었어요..
10,아이가 재밌어 합니다
10,사랑스럽고 이쁜 하츄핑
10,음악이 뮤지컬 처럼 좋았고 로미와 하츄핑의 첫만남도 좋았어요
10,아이들이 완전집중해서 봤습니다ㅋㅋㅋ
7,공주님 왕자랑 친구 도움만 받지 마시고...
10,아이가 좋아했어요 .
10,그래픽이 예뻤다...
10,아이와 좋은추억 보냈어요
10,아이가 재밌게 봐서 좋네요
9,아이들이 무서워했어요
10,아이들도 재밌게 보고 어른인 저도 너무 재밌게 봤네요 노래들도 좋고 슬프네요..ㅋㅋㅋ아이들이랑 보기 너무 좋은거 같아요
10,애들이랑 아내랑 다 울었어요 슬픈가 봅니다.
10,딸아이들이 좋아해서 온가족이 모두 같이 봤어요 ㅎㅎ 즐겁게 재미나기 보고 스토리도 좋았어요🩷
8,아이가 좋아하는 캐릭터인데~ 조금 무서웠데요;;;
10,아이들과 너무 재미있게 봤어요^^
10,아이들과 같이 보기 좋은 영화입니다.
10,하츄핑과 만남 이야기 좋네요 잼나고 ㅎ 아이가 좋아해요
10,손주와 함께 봤습니다 무서운 장면이 나올 때 품에 꼭 안기는 손주 때문에 행복했습니다
10,너무 재미있었어요.슬프고 감동이 있었어요. 노래도 너무 좋았어요 왕자도 멋있고 로미공주도 넘 예뻤습니다.
10,사랑의하츄핑 사랑의하추핑
10,아이가 보고싶어서 봤는데 감동도있고 재미있네요 하츄핑 너무 귀엽네요
10,음악과 영상미가 좋았고 어린 아이들 감성을 자극하는 눈물포인트도 있어서 아이들과 함께 너무 재밌게 봤어요
10,아이들과 잼나게 봤습니다.아이들이 너무좋아합니다.
10,노래와 영상미가 좋아요
10,아이가 재미있게 봤어요
10,노래도 영상도 좋았어요
10,아이랑 봤는데 영상미도 음악도 좋고 전반적으로 만족합니다
10,아이가 매우 좋아했어요^^
10,재밌게 봤습니다 만드시느라 고생하셨어요~
10,아이들이 너무 재미있게잘봤어요.다음엔 이벤트참여해서 꼭!선물받아 아이들이 더더 즐겁게 기분좋게 집으로가길 바래봅니다.
10,딸가진 아빠의 탁월한 선택. 애들 폭풍오열 하는 모습 웃겨서 눈물남
10,재미있었습니다 그러나 너무 노래가 많이들어가있는거 같아요~
9,아이와 재미있게 잘 봤습니다.
10,애가 좋아해요.만족스럽네요
7,3살 미안 영유아에게는 컨저링급 공포영화!!
10,너무 잼잇어해요 ~
10,조카랑 보러갔는데 저만 두번 울었네용..
10,좋아요 애가좋아했어요.굿
9,노래도 귓가에 맴돌고 재미나게 잘 봤어요~
10,아이와 재미있게 봤어요. 노래가 중독성 있어요.
8,재미있ㆍ이요 하츄핑ㅇ
10,감동이 깃든 아이들의 영화
10,아이가 집중해서 재미있게 잘 보았어요^^
10,아이도 저도 재밌게 잘 봤습니다.
10,딸아이하고 첫 영화였습니다 잘봒어요
10,아빠가 더 감동하고 갑니다... 명작이네요
10,기대 이상입니다...
10,아이들이 너무 좋아했어요
10,감사합니다 감사합니다
10,6살 아이가 한번 더 보자고 너무 재밌었대요 ^^
10,아이가 재밌어 하네요 슬퍼하기도 하구요
10,아이가 울더군요ㅋㅋ 같이 걱정하며 같이 행복해하며 잘 봤습니다.
10,아이들이 좋아했습니다
10,아이가 좋아해요 그림체가 예뻐요~
10,엄마가 더 집중해서 본 영화 ^^
8,우리 아이가 좋아했어요
10,"재미있어요. 영상미 끝내줘요. 음악도 좋아요. 화려함과 선명한 색감, 예쁜 아이템들이 잔뜩 나와 아이들의 로망을 충분히 충족시켜주었어요."
10,아이들이 너무 좋아하고 감동도있고 너무 재미있었어요
10,재미있게 잘 봤습니다
10,아이랑 보기 좋아요
8,애기들이 보는거라는데 감동적임 재밌음 ㅋㅋ
10,아이들과 재밌게 봤어요 노래도 좋고
10,사랑의하츄핑 좋았습니다.
10,애들때문에 봤는데 영상도 예쁘고 노래도 좋네요
10,아이가 좋아합니다. 눈물이 나는...
10,아이들이 재밌게 봤어요
10,성우님들 연기력이 정말 최고십니다. 연출도 좋았고요. 아이가 좋아했어요. 아이들 영화라서 스토히는 단조롭지만 연기력에 극장안에 부모님들도 우시는 분들 많았습니다.
10,우정에 대하 잘 표현한것 같아요
10,애들 영화이지만 나는 젊어서 재미있게 보고싶어 보게 되었다
10,아이들이재밌어합니당
10,아이가 너무 좋아했어요^^
10,4살 여아 보다가 울고 ㅋㅋㅋㅋ넘나 이해도 잘되고 감동도 재미도있는 영화였어요 추천합니다.4세8세.다.재밋게봤어요
10,아이들이 집중해서 너무 잘봤습니다
10,아이가 엄청 몰입감있게 잘봤습니다
10,스토리가 나쁘지 않네요~ 어른이 봐도 영상미도 좋았어요
8,좋아요재미있어요. 어아둘이
6,즐거웠어요! 영상미 훌륭!
10,애들이 좋아하네요 잘봤습니다
10,아이가 좋아했어요~
10,넘넘 재밋게 잘봣어요 ~~
10,아이랑 재밌게 봤어요
10,재미있게 잘봤어요.
10,감동적이고 재미있어요
10,아이들이랑 재미있게 관람 잘 했어요 감동있고 무섭기도하고 즐거웠답니다
10,영상이 굉장히 고퀄로 좋았어요~ 하츄핑 만지만 쫀득 말랑할 것 같은 느낌... 그리고 유치할 줄 알았지만 빤해도 감동적인 이야기의 정석 그대로.. 좋은 시간이었습니다!
10,아이가 엄청 좋아했고 ost가 너무 좋아요~
10,재밌게 봤습니다. 감사합니다
10,"예쁜 영상, 아이가 좋아해서, 보길 잘한것 같습니다."
10,아이가 몰입하며 보더라고요~너무 재밌었다고 합니다
10,재미있습니다 재미있었습니다
10,아이들이 좋아할만한 영화였어요^^
7,아이들한테 인기인 이유가 있네
10,아이가 너무 재미있어하네요 성인이 보기에도 즐겁웠습니다
10,아이들이 너무 좋아했어요
9,조카들 보여줬는데 계속 하츄핑 노래를 부르네요ㅋㅋ재미있게 본거 같아요~
8,조카가 많이 좋아했어요!
10,아름답고 감동적인 이야기
10,음악과 영상미가 좋았어요
10,웃기고 재밌었어요:)
10,아이들과 함께 봤는데 아이들이 너무 좋아합니다
10,시설도 깔끔햇고 아이들이 너무좋아햇네요
5,로미가너무노래를부름 하츄핑에게집착심함
10,하츄핑 땜시 봣어요
9,아이가 너무 재미있게 봤어요~
10,5세에게는 좀 무서우~~8세에게는 시시한ㅋ
10,어른들이 보아도 재미있었네요!
10,솔직히 기대 그 이상!
10,아이들이 엄청좋아하고 재미있게잘봤어요
8,좋네요. 아이가좋아해요
10,예쁜 영상과 감동..여자 아이들이 좋아하는 스탈..자꾸 반복 되는 음악에 계속 따라하게 되는..♡
10,아이가 너무 재미있다고 하네요
10,영상 퀄리티도 너무 좋고 내용도 재밌었습니다. 다음 시리즈도 기대 됩니다!
10,아이가 조금 무서웠다고함
10,재밌게 잘 봤습니다.
10,올해봤던 영화중에 제일 재밌었어요
10,영원한 짝꿍을 찾아 나서는 어드벤처 스토리. 그 안에서 사랑과 오해로 인한 갈등을 풀어내는 방식이 재밌었다. 삽입된 노래도 좋았다.
10,아이가 친구랑 재밌게 봤어요
10,"하츄핑과 로미의 만남, 첫눈에 서로를 알아보는 인연,"
10,뮤지컬을 좋아하는 저와 아이들이 지루하지 않고 재미있게 볼 수 있었어요
10,아이가 잼있게 봤다고해요
10,애기들과 재밌게 보고왔어용^^
10,아이와 재미있게 보았어요 지루하지 않아요
10,아이랑 재밌게 봤습니다.
9,영아가 무척 좋아할만하네요
5,잘봤어요 잘봤어요 잘봤어요
10,아름다운하츄핑과로미
10,아이들이 좋아해서 좋습니다
10,사랑스러운 로미와 하츄핑의 만남 너무 뭉클하고 음악도 좋았어요. 지루하지 않게 재미있게 봤어요:)
10,아이들과보는데 저도 옛날생각나면서 가슴이 뭉클뭉클~재미있게보았어요^^
10,스토리가 너무너무 감동적이 였어요.
10,아이들 몰입도 👍 어른인 저도 재밌고 감동있었어요^^
10,왕자님 너무 잘생겼어요
10,아이랑보기좋은영화입니다
8,잘봤습니다 감사합니다
10,엄마도 딸도 울었습니다
10,생각보다더볼만하고좋았어요
10,고2 셋이서 봄..
10,디즈니와 마법소녀들을 보고 자란 부모도 충분히 만족할만함
10,최고 다시보러 갑니다
7,딸아이가 보고싶어해서 봤는데 어른이 보기에는 아주 따분한데 아이는 좋이했네요.
7,7살 딸아이가 좋아해요
10,노래가 너무 좋고 스토리가 재밌음
10,딸내미 눈물흘리며 봤어요.
10,아이들이 너무 좋아함. 성인인 저도 재미있게봄
10,아이가 무척 좋아했어요~^^
9,애니메이션이지만 로미공주 참 예쁘네요 영상도 아름답고 잘 봤습니다
10,두번 봤습니다ㅎㅎ우는구간 있구용 9살 7살 너무나 조아합니당ㅎㅎㅎㅎ
8,아이들이 좋아했어요
6,애들이 좋아합니다.
10,하츄핑 영상미와 스토리 재미있게 잘 봤어요
10,왕자님이 너무 잘생김
9,와 영상미가 음악이 멋집니다.
10,시간이 길었는데도 몰입해서 봤네요~ 잠깐 찡하기도 ㅠ 재미있게 봤어요~
10,재밌었어요 아이들보다 제가 더 빠져서 봤네요ㅋ
10,즐겁게 보고 울다 나왔어요ㅜㅜ
10,나쁘지 않게 봤어요~
10,생각보다 재미있었어요
10,즐거운 관람이였습니다
10,아이와 함께 재밌게 보았어요~!^^
10,감동적이였어용 아이가 엄청 잘봤어요
7,애기들이 귀엽고 좋다 그럼 됐다
10,아이가 너무 집중해서 잘봤습니다
10,아이들이 티니핑을 너무 재미있게 잘 봤어요^^
10,아이들이 재밌게 봤어요
10,재밌게 잘 보았습니다
10,진심 디즈니급으로 잘만들었다 생각합니다! 훌륭합니다.
10,재미있어요 꼭 보세요 ㅎㅎㅎㅎ
10,아이가 정말재밌게 보았어요
10,영화 잘봤는데요 의정부 민락점 화장실 전체가 너무 지저분하다 못해 너무 더러워서 여자 아이랑 가기엔 최악이에요 5층 6층 화장실 전체 위생문제 심각 관리자분들 뭐하시는지 …..
10,하츄핑 바래바래바래
6,아이들이 좋아하고 아빠들이 등골빠질라해요.
10,남자아이인데 나오면서 또 보고싶다고하네요
10,두딸과 즐거운 시간 보냈어요. 재밌어하네요
10,아이가 너무 좋아했어요~
10,스토리 개연성과 유머부분이 빠진건 좀 아쉬웠지만 아이는 충분히 만족했다.
10,아이들과 재미나게 봤어요
9,아이가 좋아합니다. 노래가 좋네요
8,아이랑 즐겁게 봤어요. 영상이 예쁘네요
10,예상대로 기대했던 만큼 재미있었어요
10,둘째가 좋아하는 하츄핑 개봉하자마자 보러갔어요~ 세번이나 눈물짓는게 귀여운 우리아이였어요 엄마인 저도 푹빠져서 봤어요'◡'극장판 하츄핑 강추예요 여자아이라면 안좋아하지않을것 같아요
10,애기들이랑 재밌게봤네요!후반부에 애가 오열하면서 봤어요ㅋㅎㅋㅎㅋㅎ
10,7살 딸이 좋아해요. 재미있대요.
10,잘봤습니다 감동이네여
10,아이들이 좋아하네요
10,35개월 아기랑 봤는데 초반에만 집중해서 보더니 그만보고 싶다고.. 그래도 끝까지 잘봤어요~ 다보고 나와서는 팝콘이 맛있었다고 하네요...
10,어른이 봐도 슬퍼요^^
10,너무 감동적인. 음악도 좋고 환상적이에요.
10,뮤지컬로 연출해서 그런지 어른이 봐도 지루하지 않고 재미있게 봤어요! 아이가 너무 좋아해서 만족합니다!
10,영화도 영화지만 영화 끝나고 나눠준 귀여운 피큐어에 다들 쓰러짐
10,사랑스러운 하츄핑이였어요
10,아이랑 너무 재미있게 보았어요
10,하츄피이이잉~~ ㅠㅠ 이거보고 하츄핑 팬됨 굿즈도 벌써 두개나 삼.. 팬던트 어디서 사지
10,아이들이 집중해서 잘보고 좋아했습니다 저도 살짝 눈물이 ^^;;;
10,아이들이 좋아해요.
10,노래도 중간중간 나와서 뮤지컬 같아요 애들이 너무좋아해요
9,아이들이 감동의 눈물을 흘리네요
9,하츄핑 재미있게 잘 봤어요
6,동심의 세계로 돌아가는 경험
8,영화 재미있게 잘 봤어요
9,노래도 좋고 생긱보다 잘만들었어요
9,너무 이뿌고 행복해지는 영화
10,재미있게 잘 봤습니다.
10,생각보다 감동적이라 어른이 봐도 좋네요
10,스토리가 의외로 좋고 노래가 좋다
10,조카가 너무너무 재밌었데요
10,7살 딸과 봤는데 아주 좋아했습니다. 어른이 봐도 지루하지는 않았네요.
7,하츄핑사랑스럽네요 아이들이 좋아할것 같아요
10,아이랑 진짜 재밌게 봤어요! 슬프고 무서운 내용 있습니다!
10,5세 아이가 인사이드 이웃은 좀 어려운지 집중 못했었는데 요건 엄청 집중해서 보내요~~~
10,사랑하는 사람을 위해서는 나의 모든 것을 내놓을 수 있다는 걸 보여준 의리의 애니메이션이 멋있었습니다.
10,아이가너무좋아합미다
10,재미있게 봤습니다 ㅎㅎ
10,스토리도 그렇고 아이들이 궁금증을 가지게될만할 요소들이 많아서 좋았어요
10,애들이 너무 좋아해서 봤어요
9,아이가 좋아하고 재밌음
10,"아이가 좋아해서 두 번 같이 봤지만 역시 다시 봐도 재밌네요 즐겁게 잘 봤습니다. 영상,노래,이야기 모두 다 만족합니다^^"
10,아이가 너무너무 재밌다고 하네요
10,애가 잼있어합미다 .
10,감동적이고 재밌었어요. 특히 로미랑 하츄핑이 마음을 확인하고 서로 함께하게 되었을 때 많이 울었습니다.
10,아이가 너무 잼있게 잘 봤어요.
10,스토리도 감동적이고 음악도 좋았어요! 하츄핑도 작고 귀여워요
10,재미있었고 노래도 계속 흥얼거리게 되네요.
10,감동적이며 재밋엇어요
10,기대이상이었어요 한국의 겨울왕국! 엘사 이상이었어요
10,재미있게 잘 봤습니다.
10,"뮤지컬 형식의 스토리로 제작된 영화여서 그런지 아이,어른 할 것없이 지루함없이 영화에 집중하며 볼 수 있어서 좋았으며 또 다른스토리로 영화가 나왔으면 좋겠습니다."
10,영상미가 너무좋고 ost도 좋아서 애들 영화임에도 불구하고 어른들도 뮤지컬 보는듯한 느낌이었습니다
10,음악굿. 공주공주 예뻐요
10,지루하지않고 재미있게봤음
10,7살딸이랑 딸친구네랑가서 봤는데 너무재밋었어요
10,아이가너무너무조아했어요 굿
10,아이들의 동심에 같이 빠져드네요~~
1,기대를 너무 했는가 앞에서 너무 좀 끌다가 뒤에는 너무 급하게 전계 되네요 웬만하면 재미없다고 안 하는 우리 딸이 별로였다고 ㅠ 다음에 영화 또 나오면 안 볼듯합니다 ㅠ
8,애니메이션 산업을 지탱하는 또하나의 기둥
7,여름방학초대작 으뜸
10,7세 딸이랑 재밌게 봤어요~^^
10,너무 슬프고 재미있었어요!
10,역시 하츄핑은 최고입니다
10,6살딸아이가 너무 좋아하네요
7,사랑의하츄핑 재밌어요.
10,7세 아이는 오열…ㅋㅋㅋ초중도 재밌어해요..군데군데 디즈니 오마주느낌이 나지만 전체적으로 기대이상이었어요
10,좋아요 재밌게 보고 갑니다
10,하츄핑은 사랑이죠. 아이가 잼있다해요.
6,아이가 재미있게 봤습니다.
10,자녀들과 재밌게 보고 왔어요
10,재밌어요 ㅎㅎ 제 정신연령에 딱 맞어용 ㅎㅎㅎ 왕자 짱 잘생겼어요
8,"5살때 캐치티니핑 첫방했는데 어느덧 9살된 딸, 더이상 티니핑은 안보지만 영화개봉하니 보러 가고싶다해서 봤는데 생각보다 재미있네요ㅎ로미가 중간에 노래많이 불러서 디즈니 영화같아요"
8,어른들이 봐도 너무 재미있었어요 감동 재미 둘다 잡은영화인거 같아요 ☺️
10,아이가 무척 좋아했어요. 노래들이 다 좋았어요.
10,조카가 무척 좋아했어요!!
8,확실히 신경 써서 만든 영화. 그리고 딸들을 위한 만화 영화..
10,딸아이가 좋아합니다
10,아이가 너무 재밌어 하네요.
8,아이랑 재밌게 잘 봤어요^^
9,여자아이들의 로망을 전부 쏟아 놓은 영화~ 지루하지 않게 감상
8,가사와 별개로 음악은 좋음
10,티니핑의 프리퀄 작품입니다 하츄핑과 로미의 만남이 어떻게 이루어 졌는지 알수있습니다 티니핑을 조금 알고 아이와 함께보면 정말 즐겁게 보실수있을거에요
7,즐겁게 관람했습니다
7,아이들이 좋아하고 갠찮앗네요
10,아이가 좋아합니다. 재미있었다고 해요.
10,음악 노래 좋아요.
7,왜 사람들이 좋아하는지 알거같네요
10,좋아요 재밌어서 좋아요
10,잘 봤습니다. 감사합니다.
10,재밌었어용 ㅋㅋ 두번째관람
8,아이가 조금 무서워하긴했는데 그래도 재밌었다고 해요.
10,너무 잘만들어서 깜놀!!
8,하츄핑 어른도 재밌게 봤습니다..노래 좋아유
10,처음 본 순간 나는 빠져 버렸어 - 사랑의 하츄핑♡♡♡
10,"6세 딸아이, 4세 아들, 아내와 함께 총 4인 가족이 관람했는데, 관람료가 아깝지 않네요. 또 보고 싶네요."
10,이렇게 고퀄로 만들다니 이제 시리즈로 나오길 아이가 엄청 기대해요
8,로미 하츄핑 영원하길 어른인 제가 동심으로 돌아갔던 시간
10,아이가 너무 좋아하고 생각보다 내용도 좋네요~!
10,너무 재밌었어요 영상미가 최고입니다
10,"겨울왕국과 비슷한 느낌에 노래도 너무나 좋고, 딸과 같이 울몀서 봤어요. 연출, 스토리, 구성, 음악 모두 좋았습니다. 어른이 봐도 지루하지 않았어요."
10,아이들이 재밌었다고 즐거워 했습니다^^
10,이 시대 최고의 애니메이션
10,색감 좋고 하츄핑과의 첫 만남을 잘 표현해서 아이들도 좋아하네요
10,잼있게봤어요 좋아요 ㅎㅎ
8,슬프기도하고 감동적이였다네요
10,생각보다 재미있었어요~아이보다 제가 더 재미있게 봤어요!
10,아이가너무재미있게봤네여~~~
10,고2둘이서 친구랑 같이 보러갔든데 너무 재밌었어요 친구는 옆에서 마지막에 울고 제가 쓰려고 가져온 휴지를 혼자 다 썼네요ㅋㅋㅋ 너무 재밌어요 다들 한 번 보는거 추천드려요!!!
10,초1아이 너무 집중해서 잘봤어요. 영상이 너무예쁘던데요! 노래도 너무 좋구요. 영화 끝나고 피규어 받은것도 너무 센스있는 선물이었어요.
10,방학이라서 찾아봤어요 화면도 예쁘고 내용도 좋고 아이들이 좋아할만한 영화
10,재미있게 잘 봤어요. 영상과 노래들이 아름다윘어요. 다만 10살 로미 공주님이 노래할때는 너무 어른스러운 목소리여서 약간 옥의 티라고 할까요. 아이 목소리였으면 더 좋았을거같아요.
10,너무 즐거웠어요 하츄핑 영화자주해주세요!!^^
10,아이들이랑 보기 딱이에요^^
10,아이들이 좋아할 영화네요~
10,어릴때 토요명화를 봐도 감흥없던 내가 하츄핑을 만난 순간 전율이 흘렀다. 내 마음속에 일등 영화 바로 너 츄핑이♡
10,아이들이 너무 재미있었다고 좋아하더라고요^^
10,아이가 너무 좋아했어요
10,하츄핑 너무 사랑스럽네요 ㅎㅎ
10,9살 7살아이들이 봤는데 영상미가 너무 이뻤어요♡
10,재비이ㅛ고 감동적이에요
7,으악!!ㅋㅋ유치핵!
10,아이가 참 좋어해요
8,아이가 노래에 빠져서 흥얼거리네요
10,아이가집중해서볼정도로 스토리가있네요^^재미있게잘봤습니다~
10,재ㅣ밌어요👍👍👍👍
10,아이와 재밌게 봤어요
10,너무 감동적이고 영상도 예쁘고 아이들 영화에 엄마들이빠져버렸네요.. 💕
10,아이가 재미있게 잘보았어요
3,아이와 함께 관람했습니다. 유아가 보기엔 무서운장면이 조금 있네요
10,아이들이 좋아하네요
8,애들이 좋아합니다.
10,아이가 재미있어 했어요.
10,두번 봐도 아이도 엄마도 재미있게 봤어요
10,아이가 즐거워했어요
10,아이들이 너무 좋아했어요
10,아이가 너무 좋아했어요~
10,ㅋㅋㅋ아 어른인데도 딸이랑 같이 너뮤 재밌게봣습니다
10,너무 재미있었어요- 딸들때문에 보러 갔는데 제가 더 감동 받았어요- 어른들이 보기에도 재미있는 영화네요
10,감동도 있는 하츄핑👍
9,로미와 하츄핑의 우정과 사랑이야기..♡
10,굿굿ㄱㄷㆍㅅㄱㄷㆍㅅㄷㄱㆍㄷㅅ
6,로미는 예뻤지만 괴물등장으로 무서웠다고 하네요
10,예쁘고사랑스러운 티니핑 더 좋았어요.
10,아이가 증간중간 무서워 했지만 뮤지컬 영화처럼 노래가 많이 나와 아이가 좋아했어요
10,정말 재미있게 잘봤어요 엄마도 감동했어요 ^^
10,아이가 좋아합니다 ㅋㅋ
10,영상미가 예쁘고 생각보다 스토리도 있었음ㅎㅎ
8,애들이 전체적으로 좋아했어요. 근데 악당 나올때마다 무섭다고 울었어요. 하츄핑 비중이 좀 적었던게 아쉽네요. 영상과 노래는 너무 좋아요.
10,딸래미랑 재밌게봤어요 마지막에 저만 눈물펑펑ㅠ
10,쉽고 단순하고 재미있고 귀엽다
9,어른이봐도 지루하지않고 재밌게 봤어요
10,잘봤습니다 재미있어요
8,가족들과 보기 좋아요
10,딸아이가 너무 좋아했어요~~
10,애가 좋아하면 됐제
10,사랑과 우정의 서사가 감동적이었음
10,아이들이 좋아합니다. 추천해요
10,생각보다 퀄리티 좋음
10,좋아요. 너무 재밌어요
10,아이랑 봤는데 재밌었어요 ㅎㅎ 슬프기도 하고 눈물났네용
10,아이와 넘 잼있게 봤어요. 노래도 영상도 이쁘고 내용도 감동요.
10,재미있어요 재미있어요
10,아이가 너무 좋아해서 행복했습니다.
10,아이가 너무 열심히 봤어요
10,아이가 기대한 영화인데 나름 스토리도 있고 어른도 볼만해요
10,무서워도 하고 감동도 하고 온갖 장르가 총망라되어있는 재미와 감동의 도가니탕...노래만 너무 길지않다면 어른도 재미있을 것 같음:)
8,여아의 상상력에는 최고
10,사랑해요 하츄핑 언제나
8,여아에게는 최고탬이네요
9,아이만 참 좋아해요
10,아이가 굉장히 좋아했습니다 시리즈로 보던 티니핑보다 하츄핑과 로미의 극적인 만남을 볼수있어서 아이들 몰입감이 좋았습니다 .
7,사랑의 하츄핑 재밌었어요
10,아이가 좋아하네요 ^^
10,아이가 좋아해요~ 마지막쯤엔 하츄핑따라 서럽게 울기도.. 잼있게 잘봤습니다~
10,아이가 너무좋아해요~추천이요
1,6살 조카마저 외면한 영화.. 디즈니 프린세스를 꿈꾸는 로미
10,6살 아이와 첫 열화관 관람 하츄핑 최고
8,아이들이좋아하네요 재미있어요
10,아이들과 함께 봤습니다.~~지루하지않게 즐겁게 봤네요~~!OST좋아요!
10,아이 영화라 기대 없이 갔는데 저도 폭빠져서 너무 재미있게 보고 왔어요
10,아이도 엄마도 눈물이 또르르 흘렀던 노래도 영상도 너무 예쁘고 좋았습니다 ❤️ 하츄핑 만나러 또 보러가자고 하는 공주님들입니다 ㅋㅋ N차관람 예정이요:)
7,재미도 있고 감동도 있는 애니메이션이네요.
6,애기들 보기 좋은 애니메이션~~ 캐릭터도 예쁘고 은근 고퀄이었다
10,지루할틈ㅇ닚이 재밌었어요
9,볼만했다 츄~♡ㅋㅋㅋㅋ
10,퀄리티 무엇? 핑크핑크
10,하츄핑 입덕하고 왔네요...
9,기대 안했지만 로미가 너무 예쁘고 스토리도 괜찮았어요^^
10,애들땜에 갔다가 푹빠져서 봤네요 막 감동도 있고 눈물났네요ㅋㅋ굿
10,아이들이 너무 재미있었다고 해요. 엄마 아빠도 꼭 같이 보자고 하네요
8,잘봤습니다 감사합니다
10,생각보다 재미있었다
10,아이가 너무 좋아했어요. 피규어 수량 너무 조금 준비한듯요
10,엄청재미있었어요^^꿀~잼♡
10,재미있게 잘 봤습니다
10,아들 둘 데리고 갔는데 제가 더 재밌게 봤어요 ㅎㅎ
10,재미있었어요!! 노래도 좋구요
1,하츄핑...그만 나와라...
4,6세 여 8세 남아이 키우고 있습니다.: 재미없대요…ㅠㅠㅠㅠ 티니핑을 좋아하는 아이인데.. 티비에서 나오는 티니핑이 더 재미있대요
10,감동적이고 하츄핑 너무너무 귀엽고 노래도 좋아요
10,아이가 좋아했습니다
10,어린이영화라 기대 안했는데 구성도 좋고 예상외로 너무 좋았어요.
10,스토리 연출 다 좋아요 재밌어요
8,아이와 재밌게 관람했어요.
10,탄탄한 스토리전개 감동이있는 영화
9,아이들과 좋은추억 남기는 좋은시간이었어요~^^
10,딸이 너무 좋아했어요^^
10,유치할줄 알았는데 스토리 있고 감동도 주네요
10,만 4세가 보기에는 다소 무서운 장면있어요. 중간에 한 번 나갔다 와서 끝에 노래는 끝까지 다 듣고 나왔어요. 아이가 좀 더 크면 한 번더 보고 싶다고 합니다. 수록곡들 모두 굿
10,너무 감동적이네요 흑흑
10,너무 예쁘고 감동도있고 재밋었어요 아이가 극장이 컴컴한데서 하다보니 중간중간 무섭다고햇엇지만 (무서운장면아님 로미 친구집엣서 그냥대화하는장면) 그래도 끝까지 잘봤어요
8,5살아이들 재미있게 봤어요~ 전 잤지만요 ..😭
9,생각보다 영상이나 음악이 좋았네요~
10,딸 아이랑 보러갔는데 후반에 슬픈장면이 나오니까 우네요~어쨌든 해피엔딩 으로 즐겁게 보고 왔어요^^
10,아이도 엄마도 집중해서 잘 봤어요
10,5세 딸과 봤어요! 너무 좋아하네요^^
7,직접보시고판단하세요
10,초5 딸과 함께 내내 미소지으며 행복하게 관람했어요~~ 노래도 좋고 영상도 예뻐요~ 나름 교훈도~~~
10,아이있는 집은 무조건 봐야되는 영화 티니핑
10,아이가 너무 좋아해서 또 보고싶다고 합니다...
10,아이들이좋아해요 ㅎ
10,재미있어요 재미있어요
10,아이와 함께 하츄핑 관람했었는데 생각보다 잼있었고 아이도 너무 좋아했어요
10,아이들이 너무 좋아해요!!
10,아이가 너무 좋아했어요~ 무서워도 하긴했지만 소감은 좋았다입니다^^
10,아이랑 보러 갔는데 재밌어요
8,너무좋네요 아이가 좋아했어요
10,친구랑 같이 봤는데 지루하지 않을까 싶었지만 생각외로 재밌습니다! 그리고 왕자님인 리안이 잘생겨써요😏
10,사랑의 핫츄핑 재미있네요
10,아이와 함께 좋은 시간 보냈어요~✌️
10,아이 보여주러 왔는데 나까지 몰입해버림 왜 재밌는건데?
10,재미있게 잘 관람했습니다
10,"재밌어요.,.,.,.,"
10,한편의 뮤지컬을 본거같음
10,"처음 본 순간, 한눈에 반해버렸어!"
6,생각보다 볼만했다.ost가 좋았다
9,"처음 본 순간, 한눈에 반해버렸어!"
9,"처음 본 순간, 한눈에 반해버렸어!"
10,사랑의 하츄하츄핑 〰ʕっ•ᴥ•ʔっ
10,동생이 보고 와서 너무 좋아해요
10,아이들이 재미있게 보았습니다.
10,아이도 엄마도 살짝 울게되는 감동의 영화
8,아이가 너무 재미있게보구 저두 재미있게 봤어요
10,아이랑 저도 집중해서 봣네용
8,그냥 유치원생용으로 딱!
10,7살 아들이 재밌게 봤어요.리클라이너석이라 편했어요
10,영화 자체는 잘 만들어진 것 같았으나 만 6세 이상부터는 비추천 합니당…
10,재밌게 봤어요~~~
10,로미와 하츄핑의 이야기 너무 재밌게 잘 봤어요
10,애들이 좋아했어요. 중간에 무서웠는지 울었어요.
8,조카가 너무 좋아해요! 노래도 나오고 그림퀄도 나쁘지 않았습니다!
10,내 인생에서 가장 뜨거웠던 작품
10,여자 아이들에게 포켓몬보다 티니핑을
10,초6인데 울뻔했숩니다
10,큭별한 방학 선물이었네요
9,사랑의하츄핑 잘 봤어요
10,재밌었어요. 저도 따라 울었어요.
10,6살 딸이랑 같이 봤는데 재밌어요!
9,재밌게 잘 보았습니다
8,귀요미들 잘 보았습니다!
10,영화가 너무 감동적입니다ㅠㅠㅠ 저도 제 짝꿍 티니핑과 영원히 함께 하겠습니다 감사합니다!!!!
10,항마력딸렸지만 아이를 위해 꾹 참고 잘 본 내 자신을 칭찬해
10,너무너무 예쁘고 귀엽고 감동적이고 ost최고!!!
8,가족영화로 딱 적당 슬픔이도 흑흑ㅠㅠ
10,잘 관람하였습니다:)
10,두번째 봤어요 ㅋㅋㅋㅋ ❤️
10,넘넘 잼잇게 봣어요.여아인데 넘 좋아하구 눈물까지 흘리면서 보드라구요.로미가 하츄핑 구해주는 장면에서 울구 웃구 하면서 잼잇게 봣어요.번창하세요
10,최고입니다~!~!~!~!~
10,즐겁고 유익한 스토리였어요 감사합니다
10,잘 봤습니다. 감사합니다
10,8살 조카가 너무 좋아하네요. 감동해서 눈물 흘렸다네요.
10,아이가 너무 좋아했어요
10,모두 전부 좋네요 저희애기가 아직 3살이데 집중해서 잘보고 왔어요 언니오빠도 집중모드로 잘보고갑니다
10,애기들이 좋아하네요 잘봤습니다.
8,아이듬이 보기 좋아함
4,ott로도 시간이 좀 아까...
10,아이와 재미있게 잘봣어요^^
10,귀여운 하츄핑! 멋진 리암왕자님!
10,아이들이 재미있데 봤어요!
10,아이들이 너무 좋아합니다. 뮤지컬보다 훨씬 나은듯 싶고 노래도 좋아요 다만 아이가 5살아래면 무섭다고 많이들 우네요 중간에 애들 울어서 나가는 분들이 계셨어요.
10,너무 재미있게 잘 봤어요^^
10,재미있어요 굳굳굳굳
8,아이랑 잘 보고 왔어요
7,우리애기가 무서웠대용 ㅠ
4,5살 아이가 보기엔 좀 무서워요 아이가 무서운 분위기와 소리때문에 울어서 제대로 못봤어요 언론플레이에 속은기분이에요 스토리도 너무 엉성. 엄마가 같이봐도 감동이라고 하던데 전혀요
10,아이들이 아주 즐겁게 보고 왔어요
10,어른이 보기에도 좋은 영화였습니다
7,아이들은 조금 무서워했지만 어른도 볼만합니다
10,평점이 높은 영화는 다 이유가 있더라고요 매우 만족했어요.
10,"아이들이 행복해 하는 모습에 너무 좋네요,"
10,아이들이 재미있어해서 좋았습니다^^
9,"프리퀄이라서 처음 접하는 분들도 충분히 재미있게 즐길 수 있는 영화인데, 기존 티니핑을 좋아하는 입장에서는 내용이나 노래가 너무 새로워서 지루한 감도 있다."
10,진짜 재밌어요 ㅎㅎ최고
10,어른들이 보아도 감동이 있는 애니메이션
10,아이들이 좋아하네요 잼있었대요 ㅎㅎ
10,재미와 감동 우리 모두 친구가 될 수 있어요!
10,아이가 너무 좋아했고 재미있었대요. 저도 잘 봤습니다.^^
10,디즈니영화를 보는듯 노래가 너무 좋아요 😍
10,아이와 재밌게 잘 보았어요◡̎ 색감이 너무 좋고 왕자가 제스탈이네요ㅋㅋ
10,"로미희 하츄핑에 대한 사랑 너무 감동이었고, 하츄핑도 로미에 대해서 용기 내는 장면이 둘 다 너무 멋지고 감동이었어요! 노래도 너무 좋고 또 보고 싶어요😘"
10,아이들이 좋아합니다! 윈터ost좋아요!
10,아이들이랑 보기 좋아요
10,"1.티니핑도 살빼면 귀엽고 이쁘다.(다이어트 필요성) 2, 공주도 뜀박질 잘해야한다(체력관리 중요성)3. 왕자가 저주에 걸린 백마라 좋았다.(사심있음)"
9,2편을 만들어주세요
10,애가 좀 무섭다네요 ㅠㅡㅠ
10,"6살 아들은 무서워서 울고 엄마는 감동적이어서 울고~ 유치할거라 기대했는데, 영상미 너무 예쁘고 기대이상!👍"
10,어린 딸과 보기 좋아여 감동 눈물주의
10,로미가 하츄핑을 찾아 떠나는 이야기가 너무 재밌었다1
6,영화 잘봤습니다 ```
6,영화 재밌게 잘봤습니다
10,아이가 다시한번더 보고싶다고하네요 ^^
10,재미있게 잘 봤어요 좋아요
10,아이가 좋아해요 잘 봤어요
10,아이들이 너무 좋아합니다. 재밌다네요
8,아이들은 역시 좋아하네요~ 중간중간 노래도 있어 뮤지컬 영화같기도 했어요~ 근데 어른인 저는 중간에 살짝 지루한감이 있었네여^^;;
10,딸내미땜에 봤는데 우는애들응 엄청우네요 ㅋ
7,사낭의하츄핑재밌네요
10,핑크핑크한 영상미가 최고! 스토리도 좋고 음악도 좋았어요♡
10,아이가 무섭다고 울어서 중간에 나왓어요 ㅠ 하츄핑이.정말 귀엽더군요 ㅎㅎㅎ
10,재미있게 잘 먹었습니다
10,아이랑함께 봤는데 너무좋아했어요
8,아이랑 함께봤는데 잘보고왔어요
8,더 좋을 수 있었어서 아쉬워요. 하지만 전 시즌에 대한 필요충분한 프리퀄! 귀여움과 무서움? 단맛과 매운맛 섞기^^
10,어른들도 감동받은 영화
10,아이와 같이 본 하츄핑 너무 흠뻑빠져서 봤어요
10,기대이상이에요! 어른이봐도 감동적이고 노래도 좋아요
7,감동적인 스토리였어요
10,우리 아이가 너무 좋아했으니 두말 필요없이 굳굳 좋아요 추천 꾹!!
10,아이도저도너무재밌게봤어요
10,너무 감동이었습니다
7,아이가좋아하니 어른도 덩달아서
10,아이들이 너무 좋아해요
10,"아이가 너무 재밌어하고, 예쁘고 사랑스런 캐릭터로 극장에서 보니 더 좋았어요."
10,어른이들도 좋아해요
10,애들이 젤좋아합니다
10,5살 딸아이가 제일 자밌었다고 하네요! 하츄핑인데 말모!!
10,노래와 노래실략이 즇았어오
9,영상과 ost가 좋음 스토리는 다소 지루함 아이들은 재미있었다고 함
10,주인공 역할 맡으신 성우? 뮤지컬배우?분들이 노래를 넘나 잘하셨어요...어른이인 저도 노래가 넘 좋아서 찾아듣는 중입니다
9,'사랑의 하츄핑'~개봉전부터 궁금해졌네요..이제야 보고 왔네요~보는내내 이쁜영상미..넘좋았네요~덕분에 잘봤네요~
10,"디즈니와 지브리의 중간같은 느낌 영상 너무 예쁘고, 노래도 너무 좋아욤>< 2번 봐도 질리지 않고 재미있습니다"
10,배곧점!!! 상영시작하면 문은 닫아줘야지!!!매점에만알바있고.상영하면 끝 인줄아냐!!!! 주말엔 최소한 직원은 배치해주세요!!!!사건사고 나면어쩌시게요!!!
10,고딩인데 재밌게 봄
10,감동적이에요 울 딸 눈물 흘리면서 봤네요
10,아이랑 재밌게 봤어요
10,아이가 집중해서 잘 봤어요~
10,어른이 봐도 넘 재밌어요^^
10,두 번째 관람했습니다. 너무 재밌어요
10,영화라 그런지 시리즈물 보다는 영상미도 좋고 스토리 탄탄하고 너무 좋았고 중간에 나오는 노래들도 너무 좋았어요~ 캐릭터들 너무 귀엽고 성우들 목소리도 캐릭터에 잘맞았네요. 좋았어요
10,로미와 하츄핑 첫만남 스토리 너무 좋있어요
10,어른이봐도 감동이네요 좋았어요
10,재밌게 재밌게 봤다고 하네요
10,6살 아들과 사랑에 하츄핑을 본후 생각보다 탄탄한스토리 중간중간 노래도하고 끝에 눈물까지 흘려주는 아드님 ~~ 재밌게 봤어요~~♡
10,"노래도나오고, 재밌었어요~"
10,아이들이 좋아하네요
10,재밌게 잘 봤습니다
10,재미나게 봤어요 아이들이 좋아했어요 한국판 디즈니라는.말 실감했네요
5,티니핑의 대단한 팬으로서... 너무 기대를 했었던지... 스토리가 생각보다 밋밋했던것 같아요... 티니핑 시리즈를 볼때보다 긴장감도 덜하구...ㅠㅠ
8,"사랑의 하츄핑 (Heartsping : Teenieping of Love, 2024)"
10,아이랑 보기 좋았어요
8,"사랑의 하츄핑 (Heartsping : Teenieping of Love, 2024)"
3,"우연한 기회에 ‘하츄핑’을 처음 본 뒤, 운명의 인연임을 알아본다."
10,애들과함께 관람하기 좋아요!
10,"어른이 봐도,감동적인 영화!!! 스토리,영상미 최고입니다!"
10,아이와 주말에 재미있게 봤네요
10,넘넘 재밋게 잘봣어요 ~~
10,어른이 봐도 재밌었어요ㅔ
10,슬펐어요 흑흑 아이들도 집중해서 잘보고 슬프다고 하네요
10,딸이 만족함^^ 무대인사는 별로임
10,딸아이랑 너무 재밌게 봤어요 ㅠㅠ 아이가 너무 좋아해요 ㅠㅠ
10,감동도 있고 재미있었음
9,"아이들은 충분히 좋아했던 거 같지만, 어른입장에서는 아무래도 조금 유치했다"
10,매우 좋습니다 ㅎㅎ 잘봣습니다
10,재밌어요~ 노래가 참 좋네요 과할정도로ㅎㅎㅎ
10,애기들 좋아함 애기들 좋아함
10,츄핑츄핑 하츄빙 딸내미 울먹하네요
8,ᆢ이쁜그림채 우리가지랑스러울만하다
9,한국애니도 일본애니 못지않응
6,뮤지컬인줄 무슨노래가 이리많이나오는지
9,사랑의 하츄핑 사랑의 하츄핑
10,"처음 본 순간, 한눈에 반해버렸어!"
10,아이가 너무 재밌게 봤어요
10,재미있어요 ㅎㅎ 잘 봤어요
10,재미있어요. ㅎㅎ 잘 봤어요
10,데드X 보다 더 스펙타클하고 스토리가 좋음 ㅡㅡ
10,"영상미와 음악, 스토리 1학년,7살 아이들과 넘 재미있게 봤어요"
7,아이는 재밌게 보고 어른은 잤다고 그러네요
10,어린친구들의 영윈한 친구로 남아 있길 바래요.
8,아이들 관점에서는 재미있네요
10,아이들이 너무 좋아했어요👍❤️
10,좋아요뮤지컬느낌나요
10,6살 아이가 엄청 집중해서 관람하네요. 영화 끝나고 살아있는 하츄핑이 있었으면 좋겠다고 계속 이야기 중입니다. ㅎㅎ
10,노래가 많이 나와서 아이들이 좋아하네요
10,스토리와 노래가 너무 좋았어요.아이들이 몰입해서 잘 봤네요.근데 굿즈가 너무 빨리 소진돼서 아쉬웠어요.
5,우리 귀염둥이가 재밌었다네요! 좋은관람이었습니다!💝🍿🎬
10,아이와 재미있게 봤어요 감동도 있고 너무 귀엽네요
10,어른이 보기에는 뻔한 스토리지만(난 울었음ㅋ) 아이에게는 충분히 좋아할요소가 많아요
10,4살은 무섭다고 함 40살은 재미있게 봄
10,아이랑 함께봤는데...스토리도 괜찮고 지루하지않아서 너무 좋았어요^^
10,재밌고 아이와 함께 보는데 감동도 있어요
10,너무너무 재밌었어요^^ 어른인 제가 봐도 재밌더라구요 ㅎ
10,영화도 잘보고 왔어요~
8,하츄핑 귀여움이 다함
8,목숨정도는 걸어야 단짝 티니핑이 가능하다 핑크성애자라 영상미는 마음에 들지만 수시로 나오는 노래에 겨울왕국을 따라하는 느낌 역시나 왕자는 백마다
10,아이가 매우 만족했습니다.
8,아이들이 좋아하네요.
10,아이들이 정말 좋아해요!!
10,아이가 너무좋아해요 피규어이벤트 넘좋아요 ❤️
8,아이가 친구랑 재미있게 봤다네요
10,"아이들이 좋아하는 티니핑!! 첫 극장판이어 궁금했는데 재미있었어요~~ ost도 좋았고, 선착순 특전도 받을 수 있어서 좋아했어요! 유치원생이면 재미있게 볼듯"
10,너무 재밌어요 엄마들도 눈을 뗄수없는 스토리~~여운이 길게 남아요
10,아이들이 좋아해요 추천합니다
10,아이들이 너무 좋아하네요.
10,조아요조아요조아여오
10,좋아요 좋아요 좋아요 좋아요
10,7살 딸아이가 너무 재밌었대요@@
10,지인 예매해 드렸는데 아이가 너무 좋아하네요.
8,예상보다 더 재밌고 하츄핑이 귀여웠다.
9,재미있었지만 노래가 많아 3-4살 아이들은 조금 지겨워 할 수도 있을 것 같아요.
10,생각보다 고퀄이라 깜짝.. 저도 울컥하던데.. 저희 둘째는 엉엉 울었어요~
10,잘봣어 츄~~~~♡♡♡♡
10,영화는 나무랄데가 없었다. 다만 내가 썩었는지 백합물 보는 기분이었다. 어제 바이올렛 에버가든 외전도 백합물 같았는데...겨울왕국 3가 나온다면 하츄핑 같은 전개가 아닐까.
10,재밌게보세요 강추합니다
10,아이가 너무좋아했어요~~
8,아이가 너무 좋아해요 ^^;
4,설레는 운명이 시작된 우리의 첫 만남! 인생의 소울메이트를 꼭 만나길 바라는
10,아이들이랑 잘보았습니다
10,딸이 너무 재미있게 집중해서 봤습니다. 와이프는 눈물 바다.^~^
10,즐거운 관람이었습니다.
10,즐거운 관람이었습니다.
10,하츄핑이 이렇게 감동적일거라고는 상상도 못했네요 .초등학생도 감동받아 울었답니다 로미너무이뻐요. ㅎ
10,대성통곡하는 아이들을 보는것!!!
10,마음 따뜻해지는 영화였어요. 하츄
10,아이가 잘보네요.. 저도 잘봤습니다 ㅋㅋ
10,40짤 큰 아들도 재미있었데요. 2024 극장판 카봇은 티니핑을 본 받길
10,아이가좋아했어요^^
10,너무 재미있고 감동도 있었어요. 아이들 데리고 많이 가셔요~
10,너무너무 재밌어요^^
10,아이들은 좋아했어요 ^^
10,아이가 너무 좋아했어여
10,조카들 보여주다가 저도 모르게 어느새 빠져들어버림.. 에이 유치해 하다가 집중하는 내자신.. 하츄핑 너무 귀여워 너무너무 어른용 대왕 하츄핑 갖고싶어요
10,생각보다 재밌었고 중간중간 나오는 노래가 벅차기도 해요 애기들은 무섭다해서 엥? 이랬는데 긴장감이 도는 느낌? 안무서워요 중간중간 눈물도 났어요 생각보다 너무 재밌었고 감동적이에요
9,6살 딸이 영화 후반부에 슬프다며 눈물을 흘렸어요~ 어른들이 보며 느낀건 영상이 정말 좋아졌다는점!
10,잼나잼나잼나~~^^
10,아이가 너무나도 애정하는 하츄핑~ 저도 덩달아 재밌게 잘 봤어용
10,뻔하지만 연출이 감동적임
10,아이들이 너무좋아해요
10,그래픽도 좋고 노래도 좋고 아이들도 너무 좋아해요
10,아이가 잼있게 잘 봤다고 하네요
10,딸이 재미있다고 하네요 어린자녀와 가는거 추천
10,초1 딸과 관람했어요...딸은 너무 재밌게 봤다..저도 나쁘지 않았네요..즐거운 관람이었습니다
10,아이가 좋아해요~~~ 트러핑이 좀 무섭대요
10,스토리 재미있는데 조금 허무하게 끝남
10,아들하고 재미있는 영화 봤어요
10,37세가 봐도 재밌고 감동적!
10,애기들 만화라 별 기대없이 봤는데 영화로 잘 만든것같아요.영상도 이쁘고 슬픈곳에서는 저도모르게 눈물이 날것같아서 참으며 봤네요.
10,아이가좋아해요 안무서워요
10,노래가 다좋았습니다. 눈물날뻔
10,아이가 너무 좋아했어요!!
10,ㅣㅢ디ㅣ치ㅣ짖ㄱㅂㅈㅂ짖
10,"영상미와 OST가 현재 한국 애니메이션의 정점이라 생각이 듭니다. 스토리의 서사는 아이들에게 충분히 교훈을 줄만하구요. 엄마아빠아이 다같이 봤는데, 다같이 만족하고 나왔어요 :)"
10,너무 재미있었어요 딸이 또 보지네요ㅋㅋ
10,아이가 몰입해서 봤네요~* 안봤으면 큰일날뻔~ 저에게는 약간 뻔한 스토리지만 볼만했어요~~
10,아이들의 감성을 잘 살린 영화인듯해요~
9,티니핑을 좋아하는 아이들에게 좋은 추억을 영화 좋아하는 아빠는 아이들이 영화관과 친해지는것 같아서 좋았어요 한국에서 만든 아이들을 위한 좋은 작품들이 많아지길 기대합니다
10,은근히 감동적이네요 ㅎ
10,백전천점만점이에요 영화로 만들어줘서 감사
10,생각하고 내용도 알차고 ost 좋은듯요
10,아이가 너무 좋아해요
10,"최고의 아이영화, 엄마아빠 힘들어요"
10,"어른도 너무 재밌게 봤고, OST도 너무 좋네요! 캐릭터도 너무 귀엽고 사랑스러워요~"
10,두녀석다 재밌게봤어요 중간중간 무서워도하고 약간 지루해하기도하고 티비에나오는. 티니핑스토리랑은 달라요 전좀 억지로 끼어맞춘느낌이.
10,미취학아이들이랑 보기 좋아요 아이들이 재밌었대요
10,로미 너무 예쁘고 감동적임
8,그냥 모든 게 핑크핑크함 스토리 너무 유아틱함 하지만 하츄핑이 모든 걸 씹어먹게 귀여움 정작 하츄핑은 중반 이후에 만나게 되어 등장이 적음 하지만 귀여움 하츄핑 최고~!
10,아이들이 재미나게 봤음
10,한국판 디즈니 영화를 보는 기분이었습니다. 어른이봐도 재미있게 볼수있는 애니메이션 영화 입니다.
10,딸래미는 슬퍼서울고 악당이무서워서울고 엄마가 더 재미있게 봤어요
10,뮤지컬을 보는 듯 애니실사판^^애들도 좋아해서 좋았음
10,"오열핑 이름답게 만 4살 딸내미가 보다가 눈물을 흘렸네요. 연출, 영상미도 너무 좋았고 집에와서 하루종일 노래부르는 딸입니다 ㅎ"
9,아이랑 재밋게 봤네요
10,아이들이 감동의 눈물을 흘렸답니다. 내용이 넘 좋았고 다음에 또 보고싶다해요.
8,저는 졸았지만 애들이 즐거우면 됐죠
10,영상미 잘뽑아냇네요 시간가는줄 모르고봣어요 ㅋ
10,노래와 내용도 좋고 한편의 어린이 뮤지컬 보는 느낌이였구 그들에게 대화만큼 좋은 솔루션이 없을거 같구 나름 교훈도 있구 몽글몽글 귀여운 영화 잘봤습니다~~^^
10,아이보다 어른이 더 빠져서 보게 되는 영화
10,기대하지 않았는데 공주님 덕분에 넘 재밌게 봤어요. 사람이 많지 않아서 우리가 주인공인것 같았어요.
10,아이가 재밌게 잘 보았습니다
10,아이가 너무 좋아했어요~ 하츄~♡
9,사랑의하츄핑 잘 봤어요
10,생일선물로 하츄핑을 보고싶다는 우리 이쁜딸과 너무 재밌게 보았어요 이쁜딴이 또 보고 또 보고 싶다네요ㅎ
10,한편의 뮤지컬을 보는것같았어요~
10,재미있게 잘 등록했어요
10,아이가 좋아하네요. 잘 봤습니다
10,"첫째 아이와 단둘이 첫 영화 관람, 영상이 너무 예쁘고 나오는 음악도 다 좋아서 계속 흥얼거리게 되네요~! 한번 더 보러갈 예정입니다!"
8,아이가 재밌다네요.
10,어른이 봐도 감동이었던 영화입니다^^
7,애들이랑 재밌게 봤어요
10,영상미 노래가 너무 좋았어요
10,아이가 행복해하니 저도 행복
10,아이들과 재미있게 보고 왔어요~
10,감동적이고 뮤지컬 같았네요
10,아기가정말좋아해요.
10,애들 보여주려고 갔다가 내가 더 흥미진진하게 보게 되는영화
10,👍👍👍👍👍👍👍👍🤪👍👍
10,아이랑 봤어요 재밌대요
8,감동적이고 잘 봤어요
10,"로미를 봤을때 슈퍼마리오브라더스의 피치공주가, 하츄핑을 봤을때 극장판 도라에몽 진구의 지구교향곡의 미카 그리고 리암의 티니핑인 트러핑을 봤을때 산리오캐릭터 쿠로미가 떠올랐습니다👏"
10,아이들이 넘 좋아해요
10,영상미가 좋아요 예뻐요
10,영상도 이쁘고 스토리도 감동적이예요
10,어른이 보기에도 스토리가 좋고 노래가 너무 좋았어요
10,아이들이 너무 좋아했어요~ 약간의 감동도.. ㅎㅎ 눈물을 글성글성 하는 친구들도 있었답니당
2,항마력이 딸렸어요 여자애들공주병 키우는영화 짝궁에대한 이상한 인식이 들까 걱정됩니다
10,여아들보기 넘좋을듯 유치해도 영상이쁘고 노래도 잘하네요
10,8세 막내가 약간 무서워하기는 했지만 볼만 했다고 하네요
10,아이가 너무 좋아했음
8,뮤지컬 장르인줄 몰랐는데 어른들이 보기에도 무난하게 재밌었어요
10,아이와 재밌게 봤어요~~
10,12살 아이한테는 유치할 줄 알았는데 재미있었다합니다. 영화보고나서 노랫말이 흥얼거려지네요~
10,아이들과 관람했는데 아이들이 좋아하네요
7,아이들은 무척 좋아했어요.
10,아이가좋아해요.ㅎㅎ
10,기대 안했는데 생각보다 그래픽도 좋고 영화같이 잘 나와서 좋았어요
10,재밌어요 재밌어요 재밌어요
6,아이가 재미있어하네요.
10,고퀄리티 스토리도 좋았어요
10,아이들 만화에사 감동이라뇨...아이들이 너무 재미있다고 했어요~ 굿~!!!!
10,아이가 재밋어하네요
8,6살 여아들에게는 약간의 공포감이 있었나봐요^^;
8,왜 하츄핑이 매시즌 나왔는지 설명이 되는! 예쁜영상과 중독성 있는 ost로 아이가 지루해하지 않고 봤어요
9,아이랑 같이 봤는데 하츄핑 너무 깜찍하고 귀엽네요. 영상도 예쁘고 노래도 좋았어요.
10,파산핑이라 불릴만큼 유명한 티니핑..! 20대지만 너무 재밌게 봤습니당ㅎㅎ 로미와 하츄핑의 감동찡한 우정♡ 영상미 좋고 중간중간 나오는 노래들과 엔딩크래딧ost도 넘 좋습니다
8,"티니핑 시리즈는 많이 봤던 터라, 기대치가 낮았습니다. 막상 영화는 기대이상으로 연출이나 영상이 좋았습니다."
10,아이들이 너무 좋아했어요
10,아들과 즐겁게 감상함
10,8세아이가 너무 좋아해요. 한번 더 보러갈것같아요
10,재미있게 잘 봤습니다
10,어린이들이 무서워하는데도 잘 보더라구요 저연령층보다는 고학년 어린이들이 잘 볼 것 같아요
10,마지막 감동까지!! 아이들과 재밌게 잘 봤어요 ^^
10,저학아이들까지 재미있게 볼 수 있는 영화~ 노래도 좋네용
10,저희딸이 너무 재밌게봤어용
10,개재밌었아. 근데 왜 고퀄인데 ㅋㅋㅋ
10,아이들과첫영화 너무 재미있게봤습니다
10,"부모, 아이 다 감동받으며 봤어요"
10,아이가 너무좋아했어요
10,아이가 너무 좋아했고 어른이 봐도 재밌었어요 !
10,아이가 너무 기다렸던 하츄핑영화~ 우선 영화 색감이 너무 예뻤어요. 저랑 초등 제 딸은 괜찮았는데 어린 아이들은 괴물나올때 많이 무서워하더라구요. 아이는 한시도 눈을떼지 못했어요
1,아직 갈길이 머네요 모든면에서
10,아이들 질리지 않게 도입부부터 몰입감 있어요!
10,아이들이 재미있어해요.
10,7세 남아 아이가 진짜 재밌게 봤어요ㅎㅎ
10,영살디테일도 좋고 재밋어요.
10,딸아이아 재밌게 잘 봤습니다.
10,귀여워서 노래에 중독됐어요!
10,노래도 좋고 영상미도 예쁘고 좋았어요
8,어른이봐도 재밌네요
10,어른도 재미있게 볼수있어요...넘 이쁘게 봤네요
10,감사합니다 재밍힝엉ᆢ네네
10,아이와 너무 잘봤습니다
8,아이가 좋아하는 티니핑 같이 재밌게 봤어요
10,아이들이 너무 보고싶어해서 개봉전부터 기다렸는데 기다린보람이^^ 영상.스토리.ost까지 너무 잘 어우러져 저도 재미있게 보고왔어요.
10,너무 만족스럽게 봤어요 어른도 공감할만한 이야기네요
10,재미있게 잘 보고 갑니다
10,애들이 아주좋아했고 내용도 귀여워요
10,너무너무 재미있었어요
10,잘봤습니다 잘봤습니다
10,리암왕자가 진짜 경악스러울 정도로 잘 생겼다. 깜짝 놀랐다.. 왜 여자 아이들이 티니핑을 이렇게 좋아하는지 단번에 이해가 됐다. 그래픽 진짜 이 갈고 만든 것 같다. 최고....
10,아이가 슬프면서 재밌었다고 하네요~ 감동이였나봐요~^^
10,하츄핑개사랑해;;;
6,노래가 많이 나와 딸램이 무섭다고함 그래도 재밌긴했다고
10,6살 딸래미 집중해서 보긴 첨이네요~노래도 너무 감미롭고 감성이 풍부해져서 큰딸래미는 눈물을 조금 보이네요~강추!인사xx 보다 훨~~씬 재미있고 눈 귀가 즐거웠어요
10,어른보다 많은 아이들
10,아이들이 엄청 좋아했어요. 단순히 애니메이션이 아니라 감동과 마음의 울림이 있었어요.
9,"다들 너무 이쁘게 생겼네요. 아이가 잠깐씩 무섭다고는 했지만, 잘 보고 왔습니다~~"
8,아이들과 함께 좋아요
10,딸이랑즐겁게봤습니다 내용좋아요
10,아이가 너무 좋아합니다!!
10,재미있었어요 여자아이들이 좋아할만 해요
10,피니팅 뮤지컬버전 같아요 아이들이 좋아해요
10,티니핑 좋아하는 아이들이 좋아할 내용입니다
10,아이가 너무 재미있어했어요
10,재밌나 내가 본게 아니라
10,아이들이 너무 좋아해요! 저도 보고싶네여
10,이른이 봐도 이쁜 영화. 나도 하츄핑 만나고 싶다.
10,스토리 음악 영상 다 좋았어요 5살아이도 재밌게 잘보구요^^
9,아이들이 즐겁게 잘 보고 왔네요. 그거면 된거죠.
10,잼나게 봤어요~~~
10,재미있어요 재미있어요
10,아이가 좋아해서 봤어요 재미있었어요
10,하츄핑과 로미공주의 프리퀄. 영상 음악 너무 좋았어요. 으른이도 즐겁게 본 사랑의 하츄핑 6세 공주도 넘 재밌게봐서 n번보게 생겼네요. 강추
10,아이가 너무좋아해요~^^ 귀여운하츄핑과 로미공주의만남 감동적이예요~
10,아이가 너무 좋아하네요. 재미있게 봤습니다!
10,손녀 딸이랑 같이 관람했는데 너~~~무 좋아하네요 저도 재미있게 잘 봤습니다~~~^^
7,화면이 핑크핑크 해요 ~# 여자아이들이 좋을 영화 ~♬
10,어른인 제가봐도 즐겁고 재밌게 잘 봤어요
10,5세 아이는 좀 길었지만 7세는 집중해서 잘 봤네용 ㅎㅎㅎ 논외지만 음료컵만 따로 팔면 좋겠어용 ㅎㅎㅎ
10,그래픽도좋고재밌네요
10,"한국판 디즈니같은 느낌, 노래도 다 좋았고 우리 딸은 폭풍오열도 했어요. 재밌었냐 물었더니 감동적이라네요. 그리고 무엇보다 하츄핑은 정말 해도 너무 귀엽습니다*.*"
10,하츄핑 너무 귀엽당♡♡
10,넘넘 재밌고 즐겁게 봤어요
10,뮤직컬을 보는느낌이였습니다
10,전 엄마인데 개재밌었어요
10,아이가 너무나 좋아 합니다. 하츄핑 귀여워요.
10,재미있게 잘 등록했어요
10,하츄핑이 너무 예뻐요!! 너무 재밌게 봐써요!!
5,아이들 보기에 조금 무서워요
10,애들과 너무 재미있게 봤어요
10,딸아이가 엄청좋아하네요.
10,아이가 좋아해서 보러갔는데 아이랑 저랑 오열했어요 ㅠㅠ
10,우리 애기랑 같이 너무 즐겁고 행복한 관람되었어용 역시 캐치 티니핑 하츄핑♡♡
9,오해로 생긴 인간불신을 어떻게 풀까? 그것은 무력(사실 아님) 그 오해를 푸는 과정이 다소 아쉽지만 이야기 구성은 편견 빼고 보면 괜찮다.그외에 로미 피지컬이 상당한데?
10,하츄핑^^대박 오랜만에 동심에 빠졌습니다^^ㅋㅋ 대박 👍 Good 하츄핑 맘에 들어 인형세트 분홍.파랑 2세트 샀어요 ㅎㅎ ^^대박 Good 👍 😋 👌 😀 😄 ♥️ 👍
10,평소에 좋아하던 하츄핑을 영화로 보니 너무 감동이었고 마지막에 아이와 같이 울었네요 ㅠㅠㅋㅋㅋㅋ다른 티니핑 서사도 영화로 나오길 바래요 ㅋㅋㅋ
10,애기도잘보구 어른도잘봤습니다 ㅎㅎㅎㅎ
10,아이가 너무 좋아해요 어른인 제가 봐도 재미있었습니다 ^^ 내일 둘째랑 남편데리고 또 볼 예정이에요
10,딸이 너무 좋아하네요~ 4번 더 보고싶다고 합니다 ㅋ
10,너무나도 아름다운 이야임에 틀림없는 아주 좋은 영화였었다라고 감히 자부할 수 있는 작품이였다.
10,아이들 방학에 너무 재밌게 봤어요!
10,아름다운 스토리에요♡
10,7세 5세 아이와 갔는데 아이들이 조금 무서워하긴 ? 했지만 너무 재밌게 잘봤어요^^ 뮤지컬느낌도 나고~ 좋았네요
10,아이들이 또 보고싶다고 했답니다. 만족했습니다
10,하츄핑 너무 귀엽고 작화 디테일이 너무 섬세해서 놀랐어요
10,하츄핑 너무 예뻐요ㅎㅎ
8,OST가 좋았어요 한편의 뮤지컬이네요
10,만족합니다 추천드립니나
8,기대 이상 재미있게 봤어요
8,아이들이 좋아하네요 재미있게 봤어요
10,아이가 너무 좋아했어요~^^
10,아이들이랑봤는데 재밌었어요^^
9,"겨울왕국 줄거리의 클리셰를 벗어나진 못했지만 아이들에겐 중요하지 않았고, 헐리웃의 애니메이션 제작 완성도를 보여준 K뮤지컬 애니의 탄생. 특히 3D툴 학생들에게 강추!!"
10,아이가 즐거워하며 잘 봤어요~
10,처음엔 애기들 보는 영화라서 기대 안했는데 한번 보고 또 봐도 스토리가 좋아서 인지 계속 보게 되네요 맘에 들었습니다
8,가족과 재밌게 볼수 있었어요
8,잘 보고 왔습니다 ㅎ
7,아쉽긴 했지만 잘 보고 왔습니다
8,잘 보고 왔습니다~~
9,뮤지컬 영화인 줄 알았네요 마지막 엔딩 장면은 너무 급하게 끝난 것 같아요
10,기대보다 너무 좋았어요! 영상도 예쁘고 음악도좋아요
10,아이들이랑 재미있게 잘봤어요
8,대츄핑 황츄핑 킹츄핑
10,로미와츄 춤출때 넘 예뻐요
10,친구랑 함께본 딸아이 ㅋㅋ 같이 울었어요 ㅎ 재밌게 장봤어요
5,디즈니가 되고 싶었던 범부여…
8,스토리라인은 예상 가능하지만 애들이 참 좋아하네요~~
10,FxrRfuyxthokpbgfujdfyjoxdzdvinkom
10,너무 재밌게 봤어요.
9,아이가 조금 무서워하긴했지만 잼있게 잘봤습니다
8,티니핑 프리퀼이네요 아이들이 재미있어 하네요
10,중간에 아이들이 조금 무서워하긴했지만 재밌어했어요
10,짧고굵게 재밌게보았어요 ㅋㅋ영화관은추우니 겉옷필쑤!
10,아이가 너무 재미있게 보았습니다
7,징글징글 티니핑 파산핑
8,디즈니 저리바라입니다
10,디즈니 저리바라입니다
10,좋아요 아이들이 좋아해요^^
10,아이들이 좋아할만도 하지만 항상 애니메이션을 볼때마다 아이들이 무서워 울던데 정말 아이들이 재밌다고 했나요? 오히려 어른들이 봐야할듯.. 순수한 영혼으로 돌아가려면..
10,어른이봐도 감동적인 영상미가 너무 이쁜 작품
10,너무 감동적이고 극장판2와3도 기대가 됩니다
10,감동했어요 아이들보다 더 재밌게 봤어요
10,아이가 너무나 흥분하면서 보내요. 영상도 뛰어나고 연출 ost 아주 특별한 경험였습니다.
10,아이들이 재밌게 관람했어요!!
9,7살 공주와 함께~~ 봤어요~~ 꿈과 희망이 가득~ 친구에ㅜ대한 믿음~~ 중간 중간 웃으면서~~ 울면서~~감동적으로 봤답니다.
10,조카랑 같이 보러갔는데 너무 재밌어 하더라구요 티니핑 인기가 많은 이유를 알겠어요ㅎㅎ
10,아이들이 제일 좋아해요
10,잼나게 보고 왔어요.아이들이 좋아할거 같아요
10,아이가 너무 좋아합니다
10,티니핑팬인 딸아이가 한시도 눈을 떼지 않고 볼 정도로 재미있었습니다.
10,딸이 무서워하면서도 끝에 감동적이라며 눈물을 훌쩍이네요ㅋㅋㅋㅋ
10,기대했던 것보다 훨씬 재밌었고 감동적이었어요 OST가 정말 좋았어요
10,아이들이 너무좋아했어요 기대 이상 이였슴요 ㅎㅎ 수고하세여:)
8,영화라기보단 뮤지컬처럼 느껴졌어요. 아이들이 너무 재미있데요
10,"아이들이너무재미있게봤어요~^^ ""최고"""
8,오랜만에 극장에서 파일럿 보고 왔습니다~
10,2024 최고의 영화
10,너무 즐겁게 봤어요~
10,너를 처음 본 순간 ost 넘 좋아요 스토리도 좋고 재밌게 봤어요
10,5살 여자아이 보기에는 딱이네요ㅎ 그리고 영상미가 너무 좋았어요^^
10,아이들 영화라 유치한 느낌이 있지만 그래도 스토리 알차고 노래 알찹니다 ♥ 34개월 여아 엄청 집중해서 보았네요 엄마인 제가 하츄핑 빠질판 ㅋㅋ
10,노래도 좋고 아들이랑 재밌게 봤네요
10,로미랑 하츄핑 너무 이뿌고 왕자님 진짜 잘생겼어요
10,조카가 보는데 좋아했습니다
10,10살 아이가.재미있다고 하네요
10,아이가 너무 좋아합니다. 이 더운날. 한시간반 동안 아이를 즐겁게해준것 그것으로 충분합니다.
10,고딩 친구 2명 데리고 가서 같이 봤는데 진짜 재밌어용 ㅋㅋㅋ ost 특히 맘에 들어서 동생 데리고 가서 다시 볼 예정.. 🩷
10,아이들이 좋아해요 집중해서 잘봅니다 중간중간 무서워하는 장면이 있었지만 실눈뜨고 잘보네요 어른들이 봐도 재밌어요
10,아이들이랑 너무 재미있게 봤어요
10,정말 잘 만들었네요. 아이들은 말할것도 없고 어른인 저도 재밌었어요.
10,아이가 너무 재밌대요
10,초등2학년 9살 딸이 감동 받아서 펑펑 울며 보았답니다 ㅠㅠ OST 퀄리티가 좋아요~
10,애기들도 너무 집중하고 재밌게 잘밧어요
10,아이가 너무 좋아하네요ㅎㅎ 아직 어려서 중간에 좀 무서워하긴 했지만요ㅎㅎ
5,"완성도는 약간 아쉽지만, 남녀노소 모두 흐뭇하게 볼 수 있다"
10,아이도 저도 잼있게 관람했습니다**
10,아이를 위한 하츄핑 이네요. 재미있게 잘 보고 왔어요
10,사전개봉으로봐서피규어도득템하고 시간이길어조금지루해하긴했어요
10,로미와 티니핑의 진정한 첫사랑 이야기
10,아기자기 이쁜 영화.
10,색감 등 영상미가 너무 예쁘고 퀄리티가 높다고 느껴졌어요. 등장인물들도 사람부터 하츄핑까지 디테일들이 고퀄.. 감동과 코믹을 오가는 느낌에 너무 재미있었어요.
10,저희 아기가 너무너무 재밌었다고 극찬했습니다 엄마도 옆에서 같이 감동받으며 보고왔어요
8,아이랑 같이 보니 좋아하네요. 좋은 추억이 될듯해여
8,아이가 너무 좋아하긴 하는데 중구난방인듯
10,좀 지루하긴 했지만 애들이 보기엔 좋은것같아요. 장면이 길어서 지루한데 그게 숏폼의 시대엔 오히려 좋을지도
10,아이가 너무 좋아했어요
10,아이가 너무 좋아해요! 또 보러가기로 했어요^^
10,아이가 너무 좋아했어요
10,사랑의하쥬핑 좋아요
10,핑크핑크 공주님들이 사랑할만한 영화!
10,아이랑 재밌는 시간이었어요
10,아이들이 왜 좋아하는지 알것 같아요. 저도 하츄핑 갖고싶어지더라구요.
10,5세미만 통곡대잔치
10,좋아요~~~~ㅎㅎㅎ
10,잘봤어요. 아이가 좋아했습니다.
8,너무 귀엽고 노래들도 좋아요
10,하츄핑이 너무 귀엽고 사랑스러웠어요 ㅋㅋ 짐짜키우고싶어질정도엿네요 ㅋㅋㅋ딸이랑 재밋게 잘봤어요
10,에스파의 OST와 귀여운 티니핑들로 인해 눈과 귀가 즐거웠어요
10,아이가 정말 재밌어햏어요~
10,좋아요좋아좋아요좋아
9,아이들이 좋아해요 러닝타임이 좀 기네요
10,울 아이도 굉장히 집중하면서 잘 봤는데 어른인 저도 재밌게 봤네요 ㅎㅎ
10,음악이 즐겁고 어른도 재미있게 보았어요
10,아이가 즐거워했습니다. 슬픈 장면에서는 울기도 했네요.
10,한시간 되니까 대부분의 아이들의 집중력이 떨어져서 사끄러워져요
10,중간중간 노래부르는 장면이 많네요
10,로미와 하츄핑이 만나게 된 과정을 개연성있게 잘 보여주었습니다. 아이들이 여기저기서 오열하는데 그 모습이 귀엽다 느껴진건 제가 너무한걸까요?ㅎㅎ
10,무대인사 너무 즐겁고 특별한 시간이였습니다^^ 사랑의하츄핑 화이팅 너무 잼있고 감동적이였습니다
10,"아이가 너무 좋아합니다. 아이 생애 첫 영화이지, 영화 끝날때까지 앉아있었던 작품입니다. 영상미와 성우들의 연기가 가장 화려하고 좋았습니다. 로미의 용감하고 진취적인 모습도 굿!!"
10,아이가 엄청 좋아했어요
10,아이가 너무 좋아했고 재미있었어요
10,아이들이랑 재미있게 봤어요~
10,산만하기만한 5세아이가 이렇게 집중해서 볼줄이야 너무 좋았어요
10,아이들이 정말 좋아하네요^^
10,재밌게 잘 봤습니다
10,너무 귀여운 티니핑들>.<
10,귀여워여 ㅋㅋㅋ 노래도 좋교
10,아이들이 좋아했어요
10,아이가 너무좋아했어요
10,아이들이랑 재미있게 잘 봤습니다^^
10,아이랑 재미있게 봤어요.. 또 보고싶다 하네요
10,8살 딸아이가 재밌어했어요! 약간 무섭고 슬프고 그랬다지만 재밌었대요^^
10,아이가 너무 좋아햇어요! 5살이고 인생 첫 영화라 중간에 나가자고 할줄 알았는데 칭얼거리지 않고 집중해서 잘 보더라구요! 웃고 울고 아주 즐겁게 잘 봤답니다
10,아이 기준에서는 만점이네요. 마지막엔 슬펐는지 눈물까지 흘리네요. 티니핑 좋아라하는 자녀에게 최고의 에니메이션이네요.
10,아이가 엄청 좋아했어요
10,애기가 넘 좋아했어요 ㅎㅎ
10,아기랑 즐거운 시간을 잘 보내고 왔어요♡
10,아이가 재밌게 잘 보았어요
10,사랑의 하츄핑 재미있어요
9,아이들이 재미있게 봤다고 합니다.
10,아이가 즐거워합니다
10,아이가 너무 좋아해요~
10,아이들이 정말 좋아하네요
10,최고에요!! 딸램이가 정식개봉시 재관람하자고 엄지척 하시네요!
8,아이들이 즐겁게 봤습니다.
10,최고입니다~!~!~!~!~!~
10,노래도 좋고 그림체도 예쁘고 넘 훌륭했어요
5,음... 생긱했던거완 다른거 같네요
7,5세 아이가 보기에 어둡고 무서워하는 장면이 많았던거 같아요
10,재미있게 잘 봤 습니다
6,스토리 및 정규 내용보다 별루임
10,귀여워 하츄핑 츄 >_<
1,정말 핵노잼이네영 ㅋㅋㅋ
10,7살 여아 집중해서 진짜 잘 봤어요 마지막엔 오열했답니당
10,gisjvzkvzcjzjfzfjz
10,하추핑 너무 귀엽고 아기자기합니다
10,무대인사 아이가 많이 좋아해요
10,"딸이 엄청 좋아했구요, 어른이 보기에도 영상미가 매우 좋았습니다."
10,아이들이랑봤는데 너무 좋았습니다
10,아이들이 이해하기 쉽고 재밌어하네요
10,엄마아빠들에게 존경을…
10,7세여아가좋아해요상영시간살짝김영화보던중화장실두번다녀옴ㅋㅋ
10,겨울왕국의 분위기가 무척많이 풍기는 느낌이였지만 잘만들어진것같아요 아이들이 좋아하겠어요
10,아이가 엄청좋아하네요.
10,애들이너무좋아합니다 볼만합니다 ^^
8,아이들이 좋아해요~ 감동적인지 많이들 우네요~ 귀여워요^^
10,너무 재미있네요 강추핮니다
10,아이들과 보기 좋아요
9,7세보다5세가더잘봤고 전막판에울었어요ㅋㅋ
10,아이들이 너무 로미처엄 하츄핑을 만나 너무 행복해 하내요. 아이들 눈높이에선 최고였어요.
10,생각보다 스토리도 있고 영상도 괜찮고 아이와보기 좋았어요
10,아이랑 보기 좋았어요
10,아이랑 재밌게 봤어요~
9,아이들 영화이나 아이들이 무서워해요.
9,오늘 상영관은 여자아이들로 매진각 이였음~ㅋㅋ 엔드게임이후로 객석이 모두 찬거는 오랜만에 봄... 대한민국에 여자아이들한테 입소문 나면 500만 가능 할거 같음~^^
10,아이들이 엄청 집중해서 볼 정도로 스토리 그리고 영상미 가 좋았어요 뮤지컬 같기도 하고 영화 같기도 해서 더 재밌게 보았습니다
10,7살 딸아이와 봤어요 마지막에 둘다 눈물이 났네요^^
10,아이가 너무 만족하고 재미있어했네요!
8,아이랑 보기 좋아요
10,재밌게 봤습니다 만드시느라 고생하셨어요~
10,10살 남아도 재밌었다 하고 8세 여아는 슬픈장면에서 울었댜요
10,네아주재미있고스릴있고기대이상이고스토리좋고의미도있고감동적이냈요.
10,아이들 무섭데요 웃으며 봤습니다
10,두공주 하고 너무 재미있게 봤어요~ ^-^🩷 감동 장면에서는 눈물이 나더라구요~😢 두공주도 오늘 너무 재미있었다고 하츄핑 너무 이쁘다고 하네요^^🩷
10,생각보다 재밌고 감동적이었어요
10,하츄핑 너무 귀엽습니다 인간적으로 이렇게 귀여워도 되는지 모르겠습니다 나도 하츄핑과 짝궁하고 싶습니다
10,아이와 좋은 시간을 보냈어요. 음악과 영상미가 황홀했습니다. 색감이 너무너무 이뼜어요.
7,아이랑 함께면 좋아할듯해요ㅡ
10,아이가 너무 좋아해요 굿
10,아이들이 너무좋아해요 하츄핑~~~~
10,7세 여자 아이가 좋아했어요
10,아이가 매우 좋아함
10,좋아요. 감동적이에요
9,영화 잘 만들었어요.
10,유아들이 좋아하네요^___^;
10,재미있게 잘 보았습니다
10,재밌었으나 무섭다고우는아이들이곳곳에서발생했음.
10,너무재미있게봤어요추천해요
10,"첫 극장판이었는데 기대만큼 영상, 음악, 스토리 다 너무 좋았습니다^^ 하츄핑과 로미가 왜 소울메이트가 되었는지 알게 되었어요 아이들도 너무 귀여웠어요 ㅎㅎ"
10,사랑의하츄핑 리암왕자 멋있고 로미공주도 용감하네요
10,아이들과 잘봤어요 하츄핑 무대인사도 좋았어요
10,"조카와 즐거운 시간을 보냈어요. 어른이 보기엔 클리셰지만, 아이가 보기엔 매력적인 이야기였나봐요. 캐릭터도 예쁘고 노래가 좋았습니다."
10,7세 여자 아이는 재미있다고 하고 4살은 조금 무섭데요ㅎㅎ
7,아이들이 장난감을 사고싶게 만드는 것 이상의 스토리를 다음번엔 꼭 보여주세요
9,아이들이 좋아했어요
10,너무 진짜 즐거운 시간이었습니당💜
8,친구 애기에게 선물해줌 애기가 기뻐함
