no,rating,text
1,1,"삼성 닷컴에서 갤럭시Z폴더 자급제 구매 했습니다. 근데 배송 날짜에 배송 안되고 계속 배송 지연입니다. 정말로 짜증납니다. 주문받을때는 모든 미사여구를 다 사용해서 판매를 하면서 배송예정 날짜를 껌십듯 쉽게 바꿉니다. 정말로 추천합니다. 삼성닷컴에서는 주문하지 마세요.
배송 날짜도 매일 바뀝니다. 이제 삼성닷컴을 믿을수가 없습니다. 정말로 삼성에 대해 실망했습니다. 우리나라 최고기업이라는데 이정도인줄 몰랐습니다."
2,1,"1. 갤럭시 워치와 기능이 겹쳐서 두가지를 동시에 사용하기가 무의미합니다.

2. 두께가 두꺼워서 손가락에 끼고 사용할때 아프고 불편합니다. 특히 운동할때는 더 아파서 끼고 운동할수 없어요."
3,1,"착용감 불편
디자인 너무 이상합니다
다들 갤럭시링인거는 전혀 모르고 이상한 링끼고 있다고 생각함
장인 장모님 사드렸는데 두분다 착용안하심
사드리고도 서로 불편한 민망한 상황
당연히 있을거라고 생각했던 위급상황에 신고기능 없음
대체 이거는 좋다고 상품평 쓰는 사람이 있기는 하나요???
삼성에 대한 신뢰감이 바닥을 치네요
이정도면 안팔아야죠"
4,1,"한마디로 실망입니다.
대기업 삼성이 좋아 믿고 시중에 판매되는 일반제품에 비해 10배의 금액으로 구입했는데
너무 실망입니다.
불루투스기능은 휴대폰과 조금만 떨어져도 끊어지고 가까이 돌아와도 자동연결이 않됩니다.
사진촬영시 리모콘기능도 된다고 했는데 되지 않습니다.
또 운동기능 자동 자동인식은  실외자전거가 인식되지않습니다. 
1588-3366으로 전화해서 문의하니 제품에이상이 있는 것 같다며, 서비스로 가보라고 하네요
휴일이라 며칠째 스트레스 입니다."
5,2,"링은 나오자마자 사전예약으로 구입했는데...
핸드폰 소프트웨어 업데이트를 왜 안해줍니까?
제가 사용 모델은 S21 + 인데 
버전 6.1.1은 최신기종만 되고 안해줍니다
링의 기능을 다 사용 못하는데 점수를 높게 줄수있나요? 
빠른 조치가 안되서 정말 실망이네요"
6,2,"솔직히 성능? 기능? 면에선 워치를 착용하는 입장에서 이점을 잘 모르겠음
또한 가격이 49만원이란 가격이 어떻게 측정된것이지 의문점만 생김 아무리 첫출시 하는기기이고 하지만
사전예약 혜택은 미미하여 없으나 마나했어도 호기심에 구매를 하긴 했는데... 
앞으론.. 절때 링 구매는 없을꺼 같음 주변인들에서 추천 하고 싶지 않음.."
7,2,"수면 밖에 측정할수 없는 성능 대비 가격이 너무 비싸고 불편해서 사용하지 않고있습니다. 수면 측정 이외는 시계로 충분히 할수 있어서, 혈당측정 등 새로운 기능이 없다면 추가 구매는 안할듯 합니다."
8,2,"성능이 별로에요
건강관리 기능이 생각보다 정확하지 않습니다"
9,3,"성능 대비 가격이  매우  비쌈

구매를 하였으나 워치로 링의 모든 기능이 가능 하여 링에 대한 필요성을 느끼지 못하였음.

(하지만 필자의 경우 수면용으로 사용하고 있기는 함)"
10,3,시간이 경과될수록 충전량이 떨어짐
11,3,"이쁨니다 ~~ 
근데 혈압때문에 샀는데 측정하질 않습니다ㅡㅡ"
12,3,수면관리와 체계적인 운동량 체크에  도움이 되는것 같아요
13,4,"손가락이 굵은 편인데 ... 착용감에 약간 굵다는 생각이 드네요...
그 외 사용해  봐야 알겠지만.."
14,4,"긴 할부로 구독형 서비스라 생각하고 구매했습니다.

장점
1. 편리한 연결
2. 매우 가벼운 무게
3. 우수한 내구성

단점
1. 기능 대비 비싼가격
2. 장난감 같은 외관마감(전 색상)

정도로 정리해볼 수 있을거 같습니다."
15,4,디자인 및 성능이 마음에 듭니다. 배터리관련하여  좀더 사용해봐야 겠지만 현재는 마음에 듭니다
16,4,"  삼성 헬스와의 연결이 매끄럽고, 전체가 플라스틱이 아닌것이 천만 다행...
다만, 바지 주머니에 넣은걸 깜빡하고, 찾기 기능을 써 보았으나, 찾을 수가 없었는데, 
""삐"" 소리라도 있었으면 좋겠다는 생각....만약, 바지 주머니가 아닌 다른 곳(집안에서도 마찬가지)에서
분실할 경우, 찾는 건 포기해야 할 듯.... 찾기 기능은 구색 갖추기 정도로 그냥 유명무실... 절대 보완 필요함...."
17,4,반지가 가벼워서 착용감이 좋네요
18,4,"성능은 알고 구매한 것이기에 불만없이 잘 사용하고 있으나 쥬얼리한 느낌보다 의료기기 필만 있는듯해요
무난하게 착용할 수 있는 컬러감이었으면 더 좋을 듯해요"
19,5,빠른 시간 안에 S24와 호환 부탁드려요.
20,5,"상당히 가볍고 밤에 잠 때 무게나 착용감으로 인한 불편함은 전혀 없습니다.

티타늄 블랙으로 구입했는데 색깔도 깔끔하고 괜찮습니다!

코콜이 자동녹음까지....ㅡ,.ㅡㅋㅋㅋ

당신의 수면을 조금 더 디테일하게 알고 싶다면

구매를 추천!"
21,5,"편리하고
건강체크 하기에 좋네요"
22,5,빠른배송 디자인 만족합니다
23,5,편리하고너무너무 좋습니다 
24,5,컬러도 맘에 들고 디자인도 맘에 들어요 근데 잘 작동 하는 건지 잘 모르겠어요
25,5,좋아요 좋아요 ㅎㅎ 네 ㅎㅎ 
26,5,"특별히 결점도, 아직 뚜렸한 장점도 찾지 못했어요...써본다 얼마되지도 않은 상품에 대해 상품평을 요구하는것이 별로 좋지 않군요…"
27,5,제품을 받고사용해보니 너무 만족합니다.
28,5,"착용감도 좋고, 스타일도 괜찬고, 건강관리에 도움이 되는 것 같습니다."
29,5,지연  배송이되었지만 고객에게 먼저 연락을해 지연배송에 대한 자세한설명이 있었고 제품을 받았을때는 간단한 사용 설명과 착용시에도 불편함이 없고 수면효과를 워치 보다는 더자세히 알수가 있어서 매우좋고 일상 생활하기에도 편리함
30,5,링을사용해보니 너무만족합니다.
31,5,건강체크에 도움이 됩니다
32,5,"일단 일주일 쓰는 밧데리~
시계를 안차도 정보를 제공하는 부분~"
33,5,"빠른 배송 넘 감사합니다.
디자인이 쏙 맘에 들어요"
34,5,색상도이쁘고마음에드네요
35,5,수면체크나 하루컨디션이 나와서좋아요
36,5,"사용감이 좋네요
뭐니 뭐니해도  착용감의편리성이 최고죠"
37,5,"빠른 배송 감사합니다.
정말 편하고 좋아요~~"
38,5,다양 한 색깔 기능이 추가 되길 특히 페이기능이
39,5,"인터넷을 보고 여러 제품을 사서 구입해봤는데. 이중 갤럭시 링이 가장 마음에 들었어요.
디지털 헬스케어 제품을 보는 중 갤럭시링이 갖고 싶어졌어요."
40,5,"수면 측정용으로 구매.
가끔 안되는경우 종종발생"
41,5,제품과 배송 매우 만족합니다 
42,5,"여자친구랑 스마트한 삶을 느낄려고 커플링 으로 구입 하여 선물 해주었습니다..

연인과 커플링 으로 최고 
친구 들과 돈독한 우정의반지 로도 최고 인거 같습니다."
43,5,"성능이  좋고  
착용감이  매우  만족합니다"
44,5,"반지가 심플하고 전자기기다보니 성능도 좋네요
고민을 많이했는데 감사합니다."
45,5,"빠른배송 좋은제품 감사합니다.

다음에 또 주문하겠습니다."
46,5,현재로서는 만족합니다
47,5,"금요일날 키트껴보고 토요일 배송 됬어요
겁나 빠름
금색 11호 사서 가운데 손가락이랑 검지링 번갈아 끼고있어요
이뻐요 금반지인지 링인지 그분이 안될정도의 퀄리티
강추합니다."
48,5,심박수.수면.에너지 상태 양호함
49,1,"처음사용할 때는 원래그런가뵏ㆍ 하고 썼는데
한달 넘게 써보니,"
50,1," #삼성전자이벤트참여
갤력시링 응...중국산 제품에 비교하면 그닥...
이름값을 못하는것이 아닌가...
혈압측정도 안되고 심전도 측정도 안되는...
50여 만원을 주고 구매한 보람이 없어지는 순간...
집안에 아픈사람이 있는 입장에서 나름자기 위안용 이지만  배터리 오래가는 것보고 워치대신 링으로 결정해서 사용하는데...뭐 중국산과 차별되는 기능도 딱히 월등해 보이지는 않구...
운동기능도 워치나 핏 착용하는 사람과 동일 구간을 측정했는데 거리등 위치데이터도 오차범위 정도의 오차가 아니고 삼성에서 만든 두제품이 같은 회사 제품이 맞는지 의심할 정도의 오차가 발생하는지...동일하게 운동했는데 거리가 몇 키로 미터나 차이나고...
혼란스럽네요. "
51,2,"디자인 별로임 옆에 반투명한데 지저분하게 텅텅 비어있는게 보임
속이 예쁘지도 않고 텅텅 비어있는데 왜 반투명으로 만들었는지 모르겠음"
52,1,"제품 자체는 불만 없지만, 고객경험은 최악이었습니다.
12월 4일에 주문하고 5일에 제품를 수령하여 모바일앱으로 삼성케어를 가입하려고 하니
'이 단말은 구매 후 60일이 지난 제품이라 삼성케어 가입이 불가하다'라는 어이 없는 메시지가 떴습니다.
그래서 삼성케어 측에 전화를 걸어 문제를 해결하는 데에만 두 명의 상담사를 거쳐야만 했고,
거기서 답변이 가관이더군요.
""갤럭시링 제품에서 이런 일이 처음이 아니며, 여럿 있는 일이다.""
그래요 그럴 수 있겠죠? 근데 그런 일이 있으면 더더욱 그런 일이 없도록 신경 써야 하는 거 아닐까요?
동네 슈퍼 제품도 아니고, 대기업 제품이란 게... 그런 거 하나 신경쓰지 못하고 고객경험 배려도 못하나요?
정말 그 과정이 답답하고 불쾌하기 짝이 없더군요.
바쁜 내 시간을 불필요하게 허비하게 된 것 같았습니다.
애플을 9년 넘게 쓰면서 다양한 애플 제품을 구매하며 한 번도 경험해보지 못했던 최악의 고객경험이었습니다."
53,1,"결론
불편하다. (아래 7가지 이유 적어놓음)
갤럭시 워치 7 살 걸 그랬다. 그럼 배경화면 바꾸는 재미라도 있었을 텐데...  

1. 기록이 없는 시간대가 자주 발생한다. 
갤럭시링을 착용하고 블루투스 연결된 휴대폰을 가까이 두고 걷기를 하고 있어도 10분 단위 스트레스 측정이나 심박수 측정에 들어가 보면 20~40분 정도씩 기록되지 않는 경우가 많다. 계속 착용했음에도 그래프가 중간중간 끊어져 있다. 시간 단위에서 비어있는 경우가 늘어나는 걸 자주 보니 걸음 수도 신뢰가 가지 않는다. 이걸 토대로 표시되는 에너지 점수도 신뢰가 가지 않는다. 

2. 수면을 방해하는 경우가 발생한다. 
센서가 닿는 부분에 찌릿함이 자주 느껴져 오히려 수면을 방해한다. 갤럭시 워치를 쓸 때는 이 정도로 불편하진 않았다. 갤럭시링은 가벼운 반지여서 수면 측정에 도움이 된다는 평을 보고 구입했는데 오히려 손가락에 느껴지는 찌릿함 정도가 심해서 수면 측정을 포기하게 된다. ""코골이 감지""와 ""혈중 산소""기능도 꺼둔 후에야 찌릿함이 조금 줄어들어 평상시 착용하게 된다. 

3. 착용감이 불편하다. 
중지에 착용하는 편인데 양쪽 두 손가락의 움직임을 크게 방해한다. 

4. 충전함(?) 단차가 심하다. 
한번 충전으로 오래 사용 가능하다 보니 무시했었는데 QC 이슈로 가득한 유튜브를 보고 체크해 보니 충전함(?) 위아래 단차가 심하다. 

5. 에너지 점수로 받을 수 있는 내용이 부족하다. 
에너지 점수 내용이 다양하거나 구체적이지 않고, 꼭 내 정보를 면밀히 분석해서 보여주는 내용이 아닌 그저 넓은 범위에서 보여주는 느낌이 든다. 

6. 광고를 ""봐야 하는"" 대상이 되었다. 
건강 기록을 보려고 삼성 헬스를 누르면 제일 위에 ""패럴림픽 대회 맵에 참여해 보세요.""같은 불필요한 배너가 뜨는데 이 부분은 ""홈 화면 편집""으로 순서를 바꿀 수도 없고 맨 아래로 내릴 수도 없는데 불필요한 정보만 계속 뜨는 상태로 건강 기록 확인 시 늘 봐야만 한다. 

7. 수면 코칭 기능을 쓰려면 계속 추가 수면 기록이 필요하다고 나온다. 
새벽 2시~ 아침 7시가 주 취침시간이라서 그런지 어떤 이유인지 15일간 수면기 록이 있어도 수면 코칭을 터치하면 ""수면 기록이 더 필요함""만 나온다. 결국 포기하고 걸음수 체크 용도나 심박수 체크 용도로 사용하게 된다. "
54,1,"역시 프로토타입 돈받고 파는 병은 못고치는구나..
정확히 2주만에 손바닥방향으로 향하는 부분 티타늄 다까짐. 뭐 손으로 중노동 하는 사람 아니고 평범한 사무직종사자 입니다.

배터리 1주일 기대도 하지 마세요.
3일지나면 무적권 충전해야 합니다.
그리고 전용 충전기 충전할때 발열 너무 심합니다.

불날까봐 무서워서 싱크대 위에 있는 컨센트에서 충전합니다."
55,1,"최악의 제품
기능도 심박수와 수면패턴 정도.
배터리 문제는 심각.
1주일 정도 사용한다던데
한달이 넘어가니 완충후 12시간 정도면 완전방전됨. 
이정도로 품질 구린 제품이라니.
삼성 정신차려주시길
40만원내거 쓰레기 사온 기분"
56,1,"리뷰 본문 내용 많음.

1. 착용감 나쁨
두꺼워서 일상 생활에 자주 방해가 된다.
손으로 뭔가를 드는 일이 생기면 반지를 빼야 한다. 씻을 때 빼게 된다.
그리고 자꾸 돌아가서 가끔씩 의식적으로 잘 맞는지 확인해서 돌려줘야 된다.
링2 만들게 된다면 아무 방향이라도 상관 없게 만들던가.
좌우는 얇게 만들어서 눈 감고도 손쉽게 맞추게 해달라.

2. 베터리 나쁨
이왕이면 8일 가게해서 1주일 한번 충전하게 하지 6일은 무슨 의미인지 모르겠다.
결국 6일로 사용하지는 못하고 1~3일에 한번씩 워치 처럼 충전하게 된다.

3. 정확성 나쁨
나는 잠을 하루에 2번 나눠서 자는데 합산이 안되고 수면 시간이 엉망이다. 고쳐주겠거니 했는데 1달 뒤에도 여전히 버그가 있다.

4. 실용성 나쁨
웨이트 운동 할 때는 손 써야 되서 못끼고 와치처럼 시계나 알람 기능이 있는 것도 아니니까.
결국 수면체크 전용인데 평소에는 차고 다닐 필요성 자체가 없다. 걸음 수는 휴대폰으로 충분하다.
그래서 침대에 놓고 자기 전에 차고 잔다.
와치보단 편하지만 여전히 이물감은 있어서 편하게 자고 싶을 때는 일부러 빼고 잔다."
57,3,"목각 링을 size와 실물 size 체감도는 약간 다르며, 조금 큰느낌이며,
수면 측정 기능은 좋은데, 운동 측정기능은 많이 미흡한 것 같음
수영할때 착용하고 전반적인 상태를 측정해 보고 싶어서 구입했는데....
핸드폰이 근접해 있지 않으면 측정되지 않아 많이 아쉬움"
58,3,"반지를 사용해보지않았어서 그런지ᆢ두껍고 딱딱한고정틀이 껴있다보니ᆢ젓가락질등 일상생활에서  중지와 검지를 왔다갔다하는 경향이 있습니다ㆍ
워치와 다르게 충전기간이 오래가는점이 좋았으며  핸폰없이 운동을할때 운동량이 표현되는게 좋았습니다ㆍ사진촬영기능등  다양한기능이 생기면 좋겠다는 생각이듭니다ᆢ온도ㆍ수면시간ㆍ심박수등은 초기에는 재밌긴했지만ᆢ지속되면서ᆢ개인지병으로인해 수면시 착용붋편함이 있어 착용하지않고있습니다 ㆍ위급시 핸폰이 울린다는데ᆢ위급한사람한테는 의미없으니ᆢ가족이나 가까운사람에게 위치와 문자가 전송되면 좋지않을까하는ᆢ생각이 드네요

안쪽에 삼성로고는 있지만ᆢ걷면에 걸맞는 로고도 있다면 좋을듯도ᆢ갤럭시링임이 명확히 드러나면 좋겠네요"
59,3,"갤럭시 워치와 같이 헬스 관련 정보 측정에 있어서 좋아요.

특히 수면점수가 맘에 드네요.

하지만 갤럭시 23을 써서 그런지 제스쳐 기능은 활성화가 되지 않네요.

갤럭시 워치 5 및 갤럭시 s23의 펌웨어가 업데이트가 되어서 빨리 더 많은 기능들을 쓰면 좋겠습니다. "
60,3,"가격대비 기능이 적어요..대신 가볍고 끼기전에 사이즈 키트 받아볼수있어서 구매자분들은 따로 사이즈 측정안하셔도 되고 간편하긴 합니다 개인적으로 링 위에 led 쪼그만한 시계 표시나 심박수 표시 할수있는게 나왔으면 좋겠네요..
"
61,4,"갤럭시 쓰고있다보니 연결 등은 문제가 없고 씻을 때 잠시 빼놓고 씻고 하면 피부 염증 문제도 없음
다만 생각보다 부피가 커서 근력운동이나 라이딩을 즐기는 사람에게는 꽤 불편하고 거추장스러울 수 있음"
62,4,"스마트워치가 거추장스러운 사람에게 좋은 선택지예요.
착용감이 일반 반지보다 좋아요.
혈당체크 기능, 낙상 알림이 빠진 점은 아쉽지만 간편하게 부모님 건강체크 하기 좋네요.
다만 폴드3와는 제스처 연동이 되지 않아서 기능을 이용 할 수 없어 아쉽네요.
전화 문의시 연동 가능하다고 해서 구입 했는데 안돼요.. 정확한 안내가 이뤄 졌음 좋겠어요."
63,4,"삼성헬스에서의 측정은 마음에 들지만 사이즈는 정말 고려해야 하네요.반지 치수대로 구입하면 낭패를 보는 일이 있네요.센서가 없다면 반지 치수로 구입을 하면 되지만 센서때문에 크게 구입을 해야 하네요.전 검지는 착용 불가로 약지에 착용하네요.교환을 하려면 취소하고 새로 구입을 해야 한다는 것도 아숩고요.

#삼성전자이벤트참여 #기프트펀딩"
64,4,"소재가 굉장히 맘에 듭니다. 착용감은 생각보다 불편하진 않구요.
수면측정에서 코골이가 없다 생각했는데  코골이 자동 녹음 되는게 신기했습니다.^^
좀 아쉬웠던게 저는 구매전 리빙프라자 매장에서 반지 사이즈 착용해보고 스펙 기능을 일부 안내받고 
구매고민후 삼성닷컴에서 구매했는데 매장직원이 혈압체크도 된다하셨는데 
구매해서 착용해보니 안되더라구요.ㅜㅜ
매장직원들 스펙 사항을 잘 인지하고 안내해주셨으면 합니다. 인터넷에도 잘못된 정보가 많던데
참고해주세요."
65,4,"직접 보러 삼성스토어를 차아서 사이즈 확인하고 구매하였습니다
생각보다 가벼웠고 살짝 넓은감이있습니다.
아마도 시리즈가 나오면 좀더 얇아지지 않을까? 생각됩니다. ㅎㅎ
충전케이스가 너무 이쁘네요. 
사이즈는 제가 반지 사이즈가 14호인데 링은 7호구매했습니다. 딱 맞네요.  사이즈는 고민해보세요.
일단 좀 더 써봐야할듯합니다"
66,4,"생각했던것보다 특별한 기능이 있지않다. 좋은 기능으론 수면중 몸의 변화를 알려주는 것인데 즉 수면의 충실도, 몸의 리프레쉬정도파악등이 있는데 특별히 와 닿지는 않았다. 수치화해서 굳이 알 필요가 있는 정보인가 생각든다. 가능하다면 혈압과 당의 체크기능이 더 필요하다고 생각된다. 그리고 갤폴드5와는 제스쳐기능이 안된다. 바로 시정 부탁드린다."
67,4,"제가 특히 수면이 불규칙하여 수면 분석이 필요했는데 너무나 좋네요. 스트레스지수 수면 혈중산소등 실시간 분석이 너무 유융하네요. 
골드 색상도 너무 맘에 들고 악세사리 효과도 있네요.~^^"
68,4,"1. 간변하게 착용하고 다니기가 매우 좋다
2. 운동기록이 자동으로 기록 되어 좋음
3. 에너지 점수와 수면 점수의 원인분석으로 다음 스탭 활용이 용이 하다
4. 일주일 충전수명 상품 선전은 문제 많음
5. 코팅부분의 흠집이 많이남
6. 밝은 led 는 늦은밤 눈에 선명함으로 개선 필요"
69,4,"갤럭시 핏3 구매하고 삼성헬스와 연동한 후 수면데이터를 측정했을때
데이터 결과는 마음에 들었으나 착용하고 잠 자기가 너무 불편해서
몇번 사용 안했습니다.

갤럭시링 출시하자 바로 구매했습니다.
수면 측정하기 너무 편합니다.

단점은 수면 측정이외 크게 사용 용도가 없다는 점입니다.
산책드에도 사용 가능 하다지만 핏3 나 워치를 착용하므로 중복입니다.

다른 용도의 개발 부탁드립니다.
동작을 인식한다던지 아니면 다른 헬스정보 측정하던지..
가성비가 조금 아쉽습니다."
70,4,"최근 갤럭시 링을 착용하면서 수면 분석과 운동량 분석 기능을 경험할 기회가 있었습니다. 스마트 링이라는 작은 기기로도 매우 정밀한 데이터를 수집할 수 있어 놀라웠고, 특히 일상적인 건강 관리에 큰 도움을 주었습니다.

수면 분석 기능
갤럭시 링의 수면 분석 기능은 제가 가장 인상 깊게 느낀 부분 중 하나였습니다. 수면 단계(깊은 수면, 얕은 수면, REM 수면 등)를 매우 상세하게 측정해 줍니다. 수면 중의 심박수, 호흡 패턴, 움직임 등을 통해 수면의 질을 평가하며, 수면의 각 단계를 그래프로 시각화해 쉽게 이해할 수 있었습니다.

장점
정밀한 수면 데이터 제공: 수면 단계별로 분석해주기 때문에, 내가 언제 깊은 수면에 들었는지, REM 수면이 충분했는지를 알 수 있어 수면 습관을 개선하는 데 매우 유용합니다.
수면 트렌드 분석: 매일의 수면 데이터를 장기적으로 분석해, 내가 일주일 또는 한 달 동안 어떻게 수면 패턴이 변화했는지 한눈에 파악할 수 있습니다. 이로 인해 수면 환경을 개선하거나 스트레스 관리가 필요할 때 신호를 빠르게 감지할 수 있었습니다.
개선 팁 제공: 수면 패턴에 대한 분석뿐만 아니라, 더 나은 수면을 위한 팁도 제공해 실질적으로 수면의 질을 향상시키는 데 도움이 되었습니다. 이를 통해 스트레스 해소, 일정한 수면 시간 확보 등 실제로 실천 가능한 조언을 얻을 수 있었습니다.
단점
외부 환경에 민감: 가끔 수면 중 주변 소음이나 다른 사람과의 신체 접촉에 민감하게 반응하여 정확한 분석이 어려운 경우가 있었습니다. 이러한 외부 요인들이 수면 분석에 영향을 미칠 수 있어 신뢰도가 떨어질 때도 있었습니다.
짧은 낮잠 분석의 한계: 수면 분석은 주로 야간 수면에 초점을 맞추고 있어 짧은 낮잠에 대한 분석은 세부적으로 제공되지 않았습니다. 가끔 10~20분 낮잠 후에도 회복된 느낌이 있었지만, 갤럭시 링은 이를 충분히 반영하지 못해 약간의 아쉬움이 남았습니다.
배터리 관리: 수면 분석 기능을 매일 사용하려면 배터리 관리가 필요했습니다. 특히, 수면 분석을 지속적으로 사용하면서 배터리 소모가 빠르다고 느낄 때가 있어 자주 충전해야 했습니다.
운동량 분석 기능
운동량 분석 기능도 유용했습니다. 걷기, 달리기, 심지어 일상 생활에서의 칼로리 소모까지 모두 기록해 줍니다. 걸음 수, 소모 칼로리, 운동 시간 등을 측정하며, 이를 바탕으로 하루 목표를 설정하고 달성할 수 있도록 동기부여를 해줍니다. 운동 후 심박수 변화를 추적하여 내가 얼마나 회복되었는지도 분석해 줍니다.

운동 후에 얻을 수 있는 피드백은 매우 상세했으며, 나의 신체 상태와 운동 강도를 맞추는 데 큰 도움이 되었습니다. 또한, 하루 종일 앉아있는 시간을 줄이고 활동량을 높일 수 있는 조언을 제공해주기 때문에, 평소 운동 루틴에 추가적인 동기부여를 제공해줍니다.

결론
갤럭시 링은 전반적으로 매우 유용한 헬스케어 기기입니다. 특히 수면 분석을 통해 내 수면 습관을 점검하고 개선할 수 있었으며, 운동량 분석 기능을 통해 건강한 생활 습관을 유지하는 데 큰 도움을 받았습니다. 다만, 수면 분석에서 외부 요인에 대한 민감도나 낮잠 분석의 한계 같은 몇 가지 개선점이 있지만, 전반적으로 일상적인 건강 관리에 있어 매우 유익한 도구였습니다."
71,4,"다양한 기능은 없지만 휴대폰과 연결이 좋고 기록도 비교적 정확해서 마음에 듭니다 
 크기가  조금 두꺼워서 투박하지만 색상이 은은하니  괜찮네요
기능이  더  다양해지면 좋겠고 작은 글씨라도 시계를 볼수  있으면  좋겠습니다 
걸음수도 볼수 있으면 좋겠네요"
72,4,"건강관리에 많은 도움이 되는듯요 워치처럼 잘때 불편하게 차지 않아도 되고 그냥 일상에 있는듯 없는듯 착용하는게 가장 큰 장점인듯 합니다. 심박수체크,수면상태등 여러가지 유용하게 쓰고있고 배터리도 5~6일은 가는듯 하네요."
73,4,"갤럭시 워치를 차고 있으나 밤에는 충전 때문에 수면 관리는 꿈도 못꾸고 있어서 이 기회에 갤럭시 링을 끼고 워치에서 
벗어나고자 구입했는데 착용감은 괜찮습니다만. 기능이 생각보다 적어요. 그리고 내가 착각한게  걸음수나 이런거는 안되는거 같습니다. 그저 수면과 심장박동정도? 이 가격이면 당요를 측정 해주던지 혈압을 측정 해주던지 좀 더 기능이  많아야 돈이 안 아까울듯 합니다.  후회도 되네요 다시 워치로 가고 밤에만 착용해야 하는지 갈등 중입니다
#삼성전자 이벤트 참여"
74,4,"두 번째 손가락에 착용했는데 젓가락질 할 때 볼드한 링이라서 불편하지만, 그 외는 좋습니다. 
제가 구입한 이유는 왜 매일 피곤한지 몰라서 혹시나 하고 구입하게 되었습니다. 병원에서 호르몬부터 온갖 검사를 다 해도 피곤의 이유를 모르고 별 내용이 없어 답답했습니다. 그러나 링 데이터를 보니 수면 질 부터 에너지, 심박수 등 헬스 앱과 연동이 돼 누적 데이터를 보니 이유를 알게 돼 병원 검사보다 낫다는 생각이 많이 듭니다. 매일 체크하면서 건강관리에 최고입니다. 
혈압관리도 할 수 있게 업데이트 빨리 해주세요~"
75,5,"주문한지 하루만에 배송이 왔습니다! 빠르네요ㅎㅎ
사이즈는 삼성전자스토어에서 미리 착용해봤었기에 사이즈키트 선택없이 바로 실물 받았습니다!
8호는 조금 빡빡하게 맞는것같아서 살짝 넉넉하게 9호 했는데 사이즈키트로 사이즈 찾아보시거나 스토어 가셔서 착용해보고 구매하시길 추천드립니다!
받자마자 페어링이랑 착용만 해보고 후기 남기는거라 기능이랑 성능은 잘 모르겠지만 일단 저는 만족합니다!
다들 삼성하십쇼!!
"
76,5,"제품받아보고 제일해보고싶었던 수면측정 부분에서 생각보다 정확하고 다양한정보를 제공해주어 매우 만족하며 사용하고 있습니다
추후 결제기능 이외의 다양한 기능적 발전이 있길 소망합니다. 감사합니다"
77,5,갤럭시 링이 처음 나와서 기대를 했다 오프라인 매장에 가서 사이즈 착용을 해보고 내 사이즈에 맞는걸로 빠르게 주문할수 있었다 실제로 받아보니 꽤 마음에 들고 괜찮았다 매일껴야지~~ ㅎ
78,5,"건강 헬스 케어 용도로 괜찮을거 같다고 생각되어 구매했습니다.

일단 너무 가볍습니다. 착용감이 정말 좋아요 거슬릴줄알았는데 생각보다 낀듯안낀듯 한 느낌이라 좋았어요

수면 패턴을 알아보기위해 착용하고 잠을 자봤는데 불편함이 없었습니다.
(다만 어두운곳에서는 손가락에서 초록 빛이 미세하게 들어오는게 보이는데 크게 신경 안쓰입니다)

수면패턴도 생각보다 정확하게 파악을해서 놀랬습니다 (5시쯤 화장실가느라 한번 일어났는데 그 시간을 정확하게 파악하더라구요.)

다만 한가지 단점이라면 웨이트 운동을 할때는 못끼겠더라구요 쇠를 들어야되는데 거슬리기도하고 스크레치가 날거 같아서 한번 해보고 그냥 워치만 차고 운동합니다.

유산소할때는 끼고있으셔도 크게 상관이 없습니다.

건강에 관심이 많으신분들은 유용하게 잘쓰실거같아요!"
79,5,"#삼성전자이벤트참여
이뻐요 블랙이 고급스럽습니다. 검지에 살짝 10호가 큰데 9호는 작을것 같네요

이 작은 링이 헬스 연동이 되서 내 건강을 체크해 
준다는게 신기하네요

우아함 그 자체입니다. 고급스럽네요 충전기도 너무 좋아요 번창하셔요"
80,5,"이번 갤럭시 신제품 가장 기대하던 갤럭시 링 을 구매하여 
몇일 사용중 입니다 .가볍고 블랙을 좋아하는 저에겐  너무 만족하며 운동중에도 일상 수면중에도 사용할수있는 진정힌 웨어러블 헬스케어가 실행되는 아이템이라 만족합니다. 저는 수영 10년차인데 수영은 자동운동인식이 안되는것음 조금 아쉽네요 . 개인적인 수영러 생각입니당 
수영장에서도워치안차고 수영하니까 손목도 훤씬 편하고 타인에게 찰과상 생길 남길염려가 줄어 좋더라구요
향후 업데이터로 인식 기능이 생겼으면 좋겠습니다  "
81,5,"건강에 한창 관심이 많아질 나이 
30대 중반을 지난 때이다
코로나 팬데믹 이후 건강이란 키워드는 우리의 삶에서 뗄레야 뗄 수 없는 대상이, 그런 존재가 되었다. 그러한 시점과 이러한 상황에서 시의적절하게 삼성에서 야심차게 준비하고 출시한 제품이 있었으니 그건 바로 '갤럭시 링' 이 되겠다.

크기와 디자인 심플하면서도 묵직하이 남성의 소유 본능을 자극하며 무엇보다 서듀의 '건강' 을 24시간 밀착 체크해준다는 점에서 굉장히 중요하고 혁신적인 상품이 되겠다.

한달 후기에서 다시 찾아뵐 수 있길.

#삼성전자이벤트참여"
82,5,"일단 갤럭시링은 처음 출시되었기에 호기심반 성능에 대한 기대감으로 구매를 하게되었다.
일단 링 케이스의 디자인은 물론이고 케이스를 오픈했을때 원형으로 빛나는 라이트가 너무 이뻐서 놀랬고, 링자체의 착용감도 매우 뛰어나서 좋았다. 
링착용으로 인해 평상시 스트레스를 얼마나 받고 있는지.. 나의 수면의 질은 얼마나 뛰어난지를 객관적으로 알수 있게 되어서 좋았다. 착용한지 3일..
모든걸 다 경험해보기엔 짧은 시간이지만 갤럭시링의 첫인상은??? 극호!! 입니다.
다음 시리즈땐 조금만 더 얇아지면 더 좋을꺼 같아요~"
83,5,"사전구매 만족합니다 
링 첫사용인데요, 생각보다 착용감 좋습니다
수면관리나 운동시 목적으로 구매했는데요
잘때도 거슬리지 않고 좋네요
앞으로 수면질향상이나 건강관리에 무척 도움이 될듯합니다
다만 디자인은 향후 더 좋아졌으면 합니다

#삼성전자이벤트참여"
84,5,"건강을 위해 하나 장만 했어요
시계는 멋은 있지만 평소 시계 착용을 불편해서 고민을 하다 링이 나온다고 광고 보고 갤럭시 링을 기다림 끝에 하나 장만합니다
착용감은 불편하지도 않고 착용 느낌도 생각보다 느낌이 없어 좋네요"
85,5,"걀럭시링 출시설이 돌때부터 쭉 기다려왔는데, 드디어 구입해봅니다 ㅎㅎ
1세대 제품이라 고민이 많았지만 악세사리 대용도 가능할거 같아서 구입하였고 생각보다 디자인은 꽤 괜찮은거 같습니다.
색상은 골드로 하고싶었는데 품절이라 이제야 받아보네요 ㅎㅎ

앞으로 여러 기능이 추가되기를 바라면서, 다음 세대가 기대됩니다 ㅎㅎ
저는 만족해요~
#삼성전자이벤트참여"
86,5,"평소 수면 질이 좋지가 않아서 워치를 끼고 잤는데
번거럽고 답답해서 이번에 출시된 링을 구매했어요
워치에 비해 착용감이 간편해서 끼고 자기엔 매우 좋네요
그렇지만 평소에 쓰기엔 조금 걸리적거리긴 해요
검지에 끼고 있는데 두께가 있다보니 중지에 걸리는 느낌이 있어요
조금 더 얇아지면 정말 좋을듯합니다
제일 아쉬운 건 고급감.. 디자인을 좀 다듬으면 좋을듯해요 색상도 이번에는 좀 아쉽습니다
아무리봐도 뽑기로 뽑은 플라스틱 반지 느낌을 지울 수가 없네요 ㅠㅠ
케이스는 정말 이쁘게 잘 뽑혔습니다"
87,5," 기능이 참 좋은거  같아요.
좀 더사용해 보아야  겠지마는  현재 까지는  굿 입니다.
아쉬운점은  좀더 두께가 얇았으면  더  좋았을텐데  하는 아쉬움은   있지만 
  좋아요."
88,5,디자인 심플하고 가볍고 특히 저녁에 잘때 착용하고 취침해도 전혀 불편함이없어 좋네요 낮에는 워치와 같이 착용해서 나의 건강정보를 수시로 데이터화하고 맘에듭니다. 다만 z플립5 사용중인데 갤럭시링 제스처 기능 사용이 안되는데 원ui 업그레이드가 필요해보이네요. 신속하게 처리해주셨음 좋겠어요
89,5,"검은색으로 구입, 깔끔하고 디자인 마음에들어요
링 사용자체가 센세이션하다고 생각해서 구입했습니다
충전케이스 열면 자동적으로 연결할수있도록 핸드폰에 뜨고, 연결 잘됩니다
가볍고 착용감도 좋습니다
맥박수 스트레스지수 산소포화도 측정 등 기능이 있고 잘 측정되는것 같습니다 수면측정도 신기하네요
플립이나 폴더가 아니라 제스처 사용은 못해봤네요

나중에 혈당측정이나 통화 교통카드 이런기능 추가될 미래를 기대해보겠습니다 ㅎㅎ

#삼성전자이벤트참여 #기프트펀딩"
90,5,"너무 좋아요! 워치와는 다른 디텍팅^^
일단 수면 추적 시스템이 잔혀 부담스럽지 않고 좋습니다.
워치는 자면서 거추장스러운대 링은 모 아무런 불편함이 없네요.
에너지 점수 및 수면 질 향상 목적으로 구매했는대 대만족합니다.
제발 삼성페이 기능이 언젠간 업데이트 되거나 신규 제품엔 탑재되길 바랍니다."
91,5,"건강관리 기능으로 매일 수면 체크를 하고 있습니다.
사랑하는 사람과 약속해서요.
에너지 점수는 사실 잘 모르겠습니다.
심박수도 도움이 되네요.

스마트폰과도 연결이 잘 됩니다.
착용감도 편해서 끼고 있다보니 한번씩 끼고 있는걸 까먹네요."
92,5,"처음에는 블랙을 할까하다 은색으로 바꿨네요
중년은  은색인듯 ㅎ 아침에 일어나보니 너무 상세히 나의몸을 스캔했다할까  너무신기했습니다
시계도 더 좋은걸로 사고싶은데  마눌님께서  눈을 흘기네요  옆에서  갤럭시 링 너무 좋고 저의 새로운 주치의가 생긴 기분입니다

번창하세요   삼성 
삼성은 사랑입니다"
93,5,"생활 정말 이런저런 활동하면서 가끔 워치가 초금 부담쓰럽니다. 정하면:

- 잠잘때: 링 쓰기 너무 편하고 통계를 잘 나올 것 같습니다. 
- 데이트등: 링 이랑 아날로그 시계 
- 출근: 갤워치랑 링 둘다
- 스포층하 운동 활동: 둘다 링이랑 워치 아님 링만.  하키 할때 링만 입으면 편하고 좋습니다.

삼성 헬스에 하키 추가 해주세요! ㅋㅋ 그거 아니면 먼족 합니다"
94,5,"7월18일 결제
8월1일 도착 
진짜오래걸렸네요
개인적인후기는 
1.저는 사이즈 키트를 삼성매장에서 껴보고구매했고 사이즈쟀음에도 약간불편한느낌?이있습니다.사이트키트를 택배로받아보고 실사용해보신뒤 사이즈를선택하심을 추천드립니다.
3시쯤도착해서 지금까지끼고있습니다.
2.운동하게되면 약간불편한느낌?있을거같으니 느낌에 대해 민감하신분들이나 스크레치에예민하신분들은 빼고하시는게 좋을것같습니다.
3.기능보다는 악세사리?느낌이강합니다.그냥 저는 기능보단 예뻐서구매했어요ㅎㅎ"
95,5,"이번 신제품 출시 웨어러블 중 가장 기대했던 갤럭시링이었는데, 골드 색상 품절 문제로 워치7 먼저 구매하고 매일 유튜브, 블로그 등을 통해 갤럭시링 관련 글들만 보며 대리만족 하고 있었습니다.

버즈3도 프로와 일반버전중 고민하고 있어서 어제 집근처 삼성스토어에 방문해보았는데,
다시보니 실버색상도 워치7과 버즈3랑도 깔맞춤도 되고 이쁜것 같아서 
오늘 구매후에 빨리 받고 싶어서 삼성스토어 강남매장 가서 픽업 받고 바로 사용중입니다 ㅎㅎ
매우 만족합니다

#삼성전자이벤트참여"
96,5,"삼성전자 이벤트 참여
디자인이 상당히 마음에 들고 상당히 튼튼합니다. 배송도 매우 빠르게 완료되었습니다. 크기도 적당하며 소재가 상당히 마음에 듭니다. 다른 분들에게도 매우 추천합니다."
97,5,"일반 시계를 좋아해서 갤워치 쓰기가  꺼려져 항상 고민했는데 링이 나와 너무 좋았어요. 저처럼 다양한 일반 시계를 착용하는 사람이라면 갤워치 쓰기가 부담스러웠을텐데 갤링이 나와 너무 좋았어요. 
일단, 착용이 편하고 저처럼 수면의 질을 알고 싶어하는 사람들에게 추천합니다.
램수면 시간이나 수면의 질이 상세하게 나와 신뢰가 가고, 계속 체크하면서 저의 상태를 보며 관리가 가능해져 좋습니다.
또한, 폰으로 만보기를 매일 체크하고 있었는데 링은 항상 착용하다보니 긴밀하게 체크 가능하고 심박수도 시도 때도 없이 살펴주니 너무 좋네요.
주치의가 항상 붙어 다니며 케어해주는 느낌이랄까? 그런 신뢰감이 듬뿍갑니다.
겔링! 앞으로 소프트 업데이트로 더 많은 데이터 볼 수 있게 부탁 드립니다.~"
98,5,"아빠 선물로 사드렸는데 일단 수요일 오후에 주문해서 금요일날 배송받았고, 운동을 주로 하면서 심박수 체크를 하고 싶다고 하셨는데 갤럭시링으로 쫌 더 정확하게 할수있다며 만족해하셨습니다~!! #삼성전자이벤트참여"
99,5,"말로만 듣던 갤럭시링을 드디어 갖게 되었습니다 색상도 마음에 들고 무엇보다 디자인이 굉장히 심플하고 예뻐서 데일리템으로 잘 끼고 다닐것 같네요.
저는 손이 꽉끼는 느낌 때문에 원래 반지를 잘 안끼는데, 갤럭시링은 착용했을때 불편감이나 이질감 없이 착 감기는 느낌이 있더라고요."
100,5,잘때 너무 유용한것 같아요 일상생활시 항상 착용하긴 하는데 수면측정이나 심박수측정 등 을 알수 있어서 좋아요 단 다양한 기능이 있었으면 좋겠어요 링을 끼고 손가락을 부딪치면 사진을 찍을수 있다고 광고한것 같은데 그 기능은 없는것 같아요 
101,5,"디자인, 성능 다 맘에 드네요...
제일 큰 사이즈로 주문 했는데...
사이즈 확인  안한게 후회가 조금 되지만...
원하는  손가락엔 맞아서 잘 사용 합니다.
자는동안 워치 충전하는것이 불안 했는데
링 덕분에 밤에 충전 맘것 할 수 있어서 좋네요.
구입 고민 하시는분은 사도  후회 없을 듯 합니다."
102,5,미리 보내어 주신 테스트 링을 받고 24시간 체크해서 드뎌 받아본 링은 케이스가 화장품 케이스처럼 너무 이쁘고 링도 이뻐요 ~ 심박수와 수면측정 여러가지 기능들도 체크가 되어 건강 관리에도 도움이 될 듯 합니다 ~ 주위 가족에 권유로 구입하게 되었는데 잘 사용될듯 합니다 ~
103,5,"삼성전자의 스마트링, 갤럭시링을 한 달간 사용해본 결과는 매우 긍정적입니다. 사용 초기부터 지금까지 기능적인 부분에서 전혀 문제가 없었고, 외관도 여전히 새것처럼 깨끗합니다. 특히 첫 작품임에도 불구하고 품질이 뛰어나, 바로 구매해도 전혀 손색이 없을 정도입니다."
104,5,"제가 잠을 잘못자는 이유에 대해서 참으로 많은 고민을 했었습니다. 당연히 잠을 못 자니 몸도 마음도 항상 피곤 했고요. 저는 울트라 워치를 최초 구매하고 모니터링 하려 했지만 아무래도 잘 때 차도 자기에는 개인적으로 부담스러운 면이 있어서 링을 구매했고요.
결과부터 말씀드리면 기가 막힙니다. 어떻게 그렇게도 정확하게 제가 자고 일어나는 시간을 모니터링 해주는지 신기 할 따름이고 그와 맞는 코칭을 해주고 있어서 너무 고맙습니다. 이제는 수면을 넘어 에너지 점수를 높이려고 본인 스스로 건강해지려는 자세가 구매 비용을 뛰어 넘는거 같아 전혀 아깝지 않습니다. 구매해서 삶의 질을 상승 시키시길 다른 분들께도 추천드립니다^^"
105,5,"Good battery life, good functions in Samsung Health. Accurate heartbeat tracking, very good sleep tracking."
106,5,"집근처 삼성서비스센터에서 먼저 호수가 뭐가 맞는지 껴봤는데, 다이어트 중이시거나 체중이 늘고 있는 분들은 신중히 고르셔야 될듯 합니다. 저는 한 치수 차이로 엄청 고민하다가 주문 안하고 그냥 집에 왔는데, 다이어트 중이어서 한 치수 적은 쪽으로 골랐습니다. 무게는 많이 가볍고 겉에는 티타늄이지만 자전거 타다가 넘어지면서 아스팔트를 짚으니 살짝 스크래치는 나는 정도입니다. 주로 쓰려고 했던 기능은 수면 체크였고, 아무래도 사무직이다 보니 일할때 워치는 벗게 되어 누락되는 걸음 수, 활동량 등 갤럭시 링을 끼면서 누락없이 다 기록이 되어 확실히 워치를 사용할때보단 헬스체크가 꼼꼼히 됩니다. 링을 껴보니 워치 착용대비 하루 누락 걸음수가 1,000걸음 정도나 되더라고요, 더군다나 수면체크는 워치 착용이 걸리적거려 초반에 하다가 안하게 되었지만 갤럭시 링은 신경쓰지 않을 수 있어 너무 좋고, 신기하게도 음주한 날, 무리한 날 다음날 컨디션까지 모니터링이 정확히 되니 너무 좋습니다. 기능대비 가격이 제일 아쉬운 부분이지만 저처럼 수면체크가 필요하고 운동을 꾸준히 하시는 분들에겐 충분히 고민할만한 웨어러블이지 싶습니다. 배터리는 저 12호 기준 일주일을 써도 30%는 남는 것 같고요. 무엇보다 케이스가 이뻐서 구매가격의 절반은 케이스 가격이지 싶을 정도입니다. 아무튼 저는 잘 활용하고 있고 저처럼 필요가 있어서 구매하는 것이 아니면 가격 매리트는 조금 아쉽다고 말할 수 있겠습니다."
107,5,"디자인 마음에 들고 무세도 가벼워서 수면시 착용하고 자더라도 거부감이없습니다. 다만 플립5쓰는데 원ui 업그레이드 지원을 아직까지 해주지않라 제스처 기능을 사용못하고있는게 아쉽습니다. 그리고 수치측정시 워치6 사용중인데 심박수, 스텝수가 수치등으 약간 상이합니다. 헬스케어 기능 업그레이드하여 적확도등 좀더 세밀한 측정 가능토록 개선해주시길 바랍니다. 확실시 수면시 착용하는데 거부감이없어 기능등 업그레이드가되면 활용성니좋아보이긴합니다 "
108,5,"갤럭시링  호기심에  주문을 하였습니다
수면에 관심이 많아서 항상끼고 산지  한달이 지났습니다
동기부여라고 할까요?
전 수면이 참 중요하다고 생각을합니다
추적관찰과 저의  동기부여가되다보니   좋은
아이템이 되었습니다
 갤럭시링때문에라도 일찍자고  일찍일어납니다
삼성 포에버 감사합니다"
109,5,"갤럭시 워치를 사용하다가
워치와 겸해서 사용하고 보니 ,
워치에서 가능했던 이외의 여러가지 기능이 더해져 편리했다.
특히 수면 측정이 코골이까지 겸하게되니 
건강체크에 훨씬 가까워진 느낌이었다.
워치는 워치의 기능이 있고,
링은 링대로 특이한 기능이 건강체크에 도움이 되었다."
110,5,"기존에 워치4사용을 하고 있는데 밧데리 소모가 너무 심해서 고민하다가 구매했어요...
우선 밧데리가 아주 길게 간다는거~ 
8/31에 수령해서 아직 한번도 충전을 안했어요^^
성능도 아주 만족합니다.  
에너지 점수 등 내 몸 상태를 좀 더 자세히 알 수가 있어서  좋아요.  
3가지 색 중  블랙이  괜찮았고,  가볍고 좋아요. 
크기는 제가 잘  붓는  타입이라서  매장에 사이즈 확인 할 때  직원에게  문의를 했더니 ... ㅎㅎ (반품이 안되는 거라서 본인이 잘 선택하라는 말만 하더라구요...반지라서  그런가? )  8호와 9호 사이라서 좀 어중간해서 어쩔 수 없이 8호를 구매했어요.  
8/30일에 주문하고 다음날 바로 받았어요..주문 할 때  예약 배송일이 8/31 잡혀있어서 혹시나 했는데, 바로 다음날 도착했어요~ 
아주 예민한 부분까지 측정이 되는 것 같아서 만족합니다. 가벼워서 한번씩 내가 착용을 하고 있는지 없는지 착각을 하는 경우도 있어요.
새벽에 잠깐 자다가 깨어보니 측정 중인지 링에서 장시간 불이 나와서 순간  고장인가? 하는 오해를 이틀 간 했어요 ㅠㅠ
아직 착용한지 일주일이 지나지 않아서 더  사용해 봐야 겠지만 대체로 현재는 만족합니다."
111,5,"(삼성전자 이벤트 참여) 삼성 갤럭시 링은 소재가 고급스럽고 착용 느낌도 괜찮았다. 다만 광고보다는 덜 예뻤다. 그리고
착용후 잠을 자다가 일어났는데 손가락이 부은 느낌이 들었다. 또한 usb-c타입 충전기를 안줘서 아쉬웠다."
112,5,"한달동안 착용한결과 우선 착용감은 처음 몇일간은 조금  걸리적 거렸지만 그후부터는 링을 착용한것 같지 않은 것처럼 자유로웠고
매일 수면결과에 대해서 확인을 하여 스스로가 수면간 어떤문제가 있었는지를 알수가 있어 수면관련해서 개선을 할수가 있어서 좋았음"
113,5,"애플에서 삼성으로 이번에 넘어오면서 디자인이 마음에 들어서 구매를 고민하다가 수면 상태가 어떤가 궁금해서 구매 했습니다^^ 
기존 워치로도 할 수 있는 기능이라 고민했지만 워치는 잠을 잘때 착용시 이질감이 있어 그런가 답답해서 꺼려졌는데 링을 구매하고 나서는 만족하네요 ㅎ 아침에 일어났을때 제일먼저 하는게 헬스앱 들어가서 수면 상태를 보는게 습관이 되어갑니다 아직 착용한지 3 일차 이지만 현재 만족한 상태고 시간이 지난다 하더라도 이정도 기능만 해줘도 저는 개인적으로 만족입니다 !! 개인적인 취향으로 디자인은 이미 구매의사가 있던 상태라 덤으로 만족하네요 ㅎㅎ 1일만에 배송이 되었는데 빠른배송도 감사합니다~!!"
114,5,"#삼성전자이벤트참여
먼저 오프라인에서 세가지 색상을 비교해보니 단연 블랙이 눈에 띄었습니다
다른색들은 왠지 사용감이 확 드러나더군요
링의 두께가 있어 걱정했지만 평상시나 잘때 전혀 불편하지 않습니다

수면체크가 상당히 상세히 나와서 좋아요 결과보고 좀 더 일찍 자야겠다 스스로 다짐도 하게됩니다^^

현재까지는 만족하고 있습니다"
115,5,"끊어짐 없는 연결성을 제공하여 사용자 경험을 향상시키는 갤럭시 링은 혁신적인 기술입니다. 그러나 배터리 수명 단축 가능성과 일반접근성이 용이하지않은 가격대는 해결해야 할 과제입니다. 또한, 새로운 인터페이스 적응에 사용자 학습 곡선이 존재할 수 있습니다. 개인 정보 보호 및 데이터 보안에 대한 우려도 고려해야 할 중요한 사항입니다. 전반적으로 갤럭시 링은 잠재력이 큰 기술이지만,  상용화 전에 몇 가지 과제를 해결해야 합니다. "
116,5,"선물을 하기 위해서 갤럭시링을 구매했고, 인터넷으로 기능에 대하여 이리저리 알아 보았지만, 실물을 보고 직접 사용하기 전까지는 그 기능이 구체적으로 어떤 효과가 있는지는 잘 알 수가 없었습니다. 현재 선물을 전달해드리고, 난 후에 몇일이 지났고, 만족하시는지 여쭤보았는데 굉장한 만족감을 느끼고 계시더라고요.
조금 아쉬운 점이 2가지가 있는데
1. 선물하기 기능이 추가 되었으면 하는 점
2. 링에 알람기능(진동으로 전화나 문자 왔을때에 알람기능이 있으면 합니다.)

이 두가지가 조금 아쉬움이 있습니다."
117,5,평소에도 삼성제품을 좋아하기도 하지만 기다렸던 제품인데 가격이 넘 비싸서 망설였다. 하지만 제품을 받고 착용해 보니 더욱 맘에들었디. 평소에 건강에 관심이 많은 편이라 좀 효율적으로 관리 하길 바랬는데 여러가지 기능이 있어 좋았고 워치를 착용하고 잘 때 보다는 훨씬 용이 했다. 위치가 배터리가 빨리 달아 아쉬웠는데 링을 착용한 후에는 별로 체감되지 않아 모두 만족하게 되었다. 평소 반지도 만만찮은데 악세서리 하나쯤 한다고 생각하면 비용도 어렵지는 않은 것 같다. 그리고 망설였던 이유중 비용도 있지만 실제로 보고 디자인이 좀별로였다고 생각했는데 약간 장남감 같은 느낌이랄까? 하지만 실제로 착용하고 한 달이 지난 지금 오히려 더 가볍고 좋은 것 같다. 오랜시간 착용을 해야 하니 더 괜찮은 것 갔다. 색도 맘에 들고 배터리 기간도 길어 전반적으로 다 만족하고 있다. 매일 아침 규칙적으로 건강을 체크받고 있는 기분이 든다. 손이 자주 부어 작은 사이즈를 착용할 까도 했지만 넉넉한 사이즈를 하길 잘했다. 정말 많이 부어 큰 사이즈를 하니 항상 착용할 수 있어 좋았다. 
118,5,"갤럭시링~엄청 궁금했던 상품이라 고민고민하다 구매했습니다.
사는김에 선물용으로 몇개 더 구입했는데 어떨지 모르겠네요..ㅎ
그래도 제 맘에 드는 제품을 함께 나눌수있어 좋구요.
착용전이라 상품에 대한 평가는 함부러 할수는 없지만..
그래도 고민하다 구매한 제품이라 삼성을 믿습니다.^^"
119,5,"갤럭시워치가 있지만 착용하고 자니 불편해서 갤럭시링을 구매하게 되었어요. 갤럭시링을 착용하니 훨씬 편하고 좋으네요. 갤럭시링이 수면측정이 될까 궁금했는데 수면측정도  아주 잘 되고 정말 신통방통한 제품이네요^^

#삼성전자이벤트참여"
120,5,"1.스마트폰 연동 용이
2.디자인 깔끔하고 세련됨
3.착용감 좋음, 소재-가벼움, 수면시에도 베기거나 불편한점 모르겠음
4.사이즈가 좀더 다양하면 좋을듯(ex. 7.5,  8.5등)


#삼성전자이벤트참여"
121,5,빠른 배송도 배송인데 이쁘고 굵은 디자인에 비해 손가락이 편해요! 잠들때 착용해도 불편함이 전혀 없고 배터리도 엄청 오래지속되는데 충전속도가 빨라 샤워하는 동안 잠시 충전해도 가득차더라구요! 빨리 정식 출시되서 많은 기능들이 생겼으면 좋겠어요!
122,5,"블랙은 데일리하게 착용하면 알맞구요 
티는걸 안좋아하시는분께 강추~
착용감은 손가락을 감싸는 부분이 오목하게 튀어나와있어서 부드럽게 감싸는 느낌이라 너무좋습니다
가장 특장점은 워치는 수면시에 답답해서 착용을 못했는데 링은 끼고자는데 아무런 불편함을 못느꼈고
정확도에 놀랐습니다"
123,5,"가볍고 케쥬얼한 느낌도 참 좋네요. 링키트로 먼저 사이즈 측정할수 있어서, 딱 맞는 사이즈로 받아볼수 있었습니다. 처음 사용해보고 신세계를 경험했네요. 제가 코를 골더라구요. 긴 수면 시간 중 잠깐이긴 했지만  코고는 걸 녹음까지 해놓은 걸 보고 정말 깜짝 놀랐어요 ㅎ 그것뿐 아니라도, 앞으로 건강 관리에 큰 도움 될거 같아요. "
124,5,"삼성전자 이벤트 참여합니다.
일단 골드가 사전답사3-4번 삼성스토어 들락거리며 봤을때 제일 이뻐보여, 골드를 원했지만 실버와 블랙만 주문 할 수 있어서 아쉬워하며 실버를 주문했는데 블랙이 또 괜찮아보여 블랙으로 교체 했다가, 역시나 골드가 제일 이뻐보여서 모두 취소하고 골드 재고 뜨기를 기다렸는데, 사전구매 마지막날 재고 떳다고 문자 받자마자 구매했어요. 아쉽게도 구매하자마자 또 재고부족으로 픽업이나 배송이 늦어진다는 문자를 받고 또 아쉬워하며, 이번에는 취소않하고 기다렸지요.
Z플립6 픽업하는 당일날 아침!!! 드디어 플립6 픽업날 갤럭시링 골드도 입고 픽업 문자가 딱 와서 바로 달려갔어요.
드디어 오늘 픽업하게된 갤럭시링 !!!

무지 이쁩니다. ^^

# 삼성전자이벤트참여"
125,5,갤럭시링 골드를 사용한지도 어언 한달이 지났습니다. 시간 정말 빠르게 지나네요. 가장 좋은점은 역시 가볍고 배터리 오래가서 시계대비 수면체크하기 용이하다는 점입니다. 무엇보다 디자인도 이뻐서 좋구요. 단점이라면 비싼게 흠이지만 케이스도 고급스럽고 매우 만족합니다. ^^
126,5,"스마트 시대 맞춰 갤럭시링 커플링 으로 금값이 상승 하면서 여자친구와 커플링 으로 맞춰 좀더 이시대 흐름에 맞게 스마트한 시대 여자친구 와 함께 커플링 으로 구입하여 착용 하고 있습니다.

무엇보다더 시계를 대신 하여 건강 체크를하면서  사용하다보니 시계 충전할때 갤럭시 링 이 대신 건강체크 를 해주니 너무 좋은거 같습니다.

회사 근무시 일하면서 갤럭시링 이 깨지거나 
스크래치 날까바 조심해서 착용해야 된다는 생각이 많이 드는댑 일부분적에서 매우 거친 작업 을 하다보면 깨서지지 않을까 했는댑 
매우 튼튼한거 같습니다..

1세대 다보니  디자인적으로 너무 심플한거 같아 좋지만 뭔가 좀더 다른 악세사리 디자인 이랑 콜라보 해서 출시 했으면 하는 바램도 조금은 있네요 

회사 직장 동료 들이 볼때는 진짜 금반지로 오인받을만큼 퀄리티 하나는 정말 최고 인거 같습니다."
127,5,"나오기 전부터 사고 싶어서 고민하다가 결국 샀어요~
키트 8, 9호 고민하다가 9호는 배송 2주 걸리길래 당일 배송되는 8호 주문!
남들은 촌스러운 색이라고 하지만 내 눈에만 이쁘면 되죠~ 삼성 만세!!"
128,5,"남자친구 생일 선물로 사 줬는데 너무 마음에 들어하더라고요. 뿌듯하네요! 디자인 너무 예쁘고 충전 케이스도 엄청 멋있다고 해요. 그리고 티타늄이라 흠집에도 강한데 또 엄청 가벼워서 데일리로 차고 다니기에 부담도 없대요. 폰하고 연결하면 삼성헬스로 이것저것 건강 기능들 사용할 수도 있고 배터리도 1주일 정도 간다니 좋아하더라고요. 나중에 서브 커플링으로도 좋을 거 같아요!
#삼성전자이벤트참여"
129,5,"1. 사이즈 선택할때는 조금 여유 있게 하세요. 저는 잃어버릴 염려로 좀 작은거로 하려다가 다시 약간 큰 사이즈로 바꿨는데 너무 만족합니다. 

2. 운동 측정기능 잘 될까 걱장했는데 너무 잘 됩니다. 워치 찰 때보다 잘되는거 같아요. 물론 오차는 좀 있겠지만요!^^

3. 수면 측정 기능이 대박입니다. 수면을 너무 잘 분석해줘요. 한번은 밤에 잠 잘 못자고 계속 뒤척였는데 잠 잘 못자서 에너지 점수가 낮게 나오더라구요. 물론 많이 움직여서 그런거겠지만요. 이 부분 대만족합니다.

4. 배터리 정말 오래갑니다. 운동 측정(실내 자전거, 러닝 등) 자주 하시면 조금 빨리 닳기는 합니다만 확실히 깁니다.

5. 일반 반지보다 조금 두꺼운데 사람들 거의 전자제품인지 모릅니다. 그래서 더 좋습니다. 검은색 제품이면 분명히 사람들이 갤럭시링이냐고 물어볼겁니다. 근데 전 은색반지라 그런지 지금껏 한명 물어봤습니다 ㅋ

6. 이 반지에 추후에 어떤 기능이 추가될지는 모르겠지만 이 정도도 좋은 것 같습니다. 그냥 반지랑 똑같이 생겨서 너무 좋아요. 커플링을 사도 하나당 오십만원 줘야하는데 그거 보다 이거 구매하는게 저는 더 좋다고 생각했고 지금껏 후회 없습니다!! 

물론 내년에 신제품 나와서 가격 떨어지면 가슴 아플거 같습다만.. 고민하신다면 구매 강추합니닷!!

선물 받으려고 많이 쓴거 아닙니다 ㅎ 저처럼 고민 많이 하신 분들께... 고민 시간 줄여드리려고.. ㅋ

이상입니디!"
130,5,"갤럭시링을 처음 보고 이쁘다  갖고싶다 생각해서 기능적인면을 크게 생각하지않았습니다  
반지 사이즈 측정은 근처 삼성스토어에서 직접 착용해보고 구매하였고 배송도 빨랐습니다 
아무래도 스마트링이다보니 반지보다야 조금 굵은 편이긴 했지만 무게감이나 착용했을때 걸리적거리는 느낌은 거의없었고 생각보다 편했습니다
첫날 착용하고 나서 부터 수면측정, 심박수측정, 에너지점수 등 반지를 잠시 빼고 있는 시간을 제외하곤 24시간 모니터링을 받는 느낌이였습니다 수면측정으로 실제 수면시간, 입면시간, 수면심박수, 수면심박변이도 피부온도등의 데이터와 종합적인 에너지 점수를 확인 할 수 있어서 좋았습니다  일주일 정도 착용중 수면피부온도 가 37.6일 때가 있었는데 아침에 몸이 무겁다는 느낌이였지만 실제 체온을 확인해보니 37.6-38정도 열이 났었습니다 링 측정피부온도가 실제 체온하고 비슷하게 측정되는 것 같습니다
직업상 손을 많이 씻을 수 밖에 없는데 평상시와 똑같이 손씻기를(비누사용) 했을 때도 문제 없이 사용가능 했습니다
현재 워치4를 사용하고 있는데 워치에서도 수면측정 기능이 있지만 착용하고 자는게 불편하기도 하고 충전문제로 실제 수면측정기능은 거의 못썼는데 갤럭시링은 반지처럼 착용하고 지낼 수 있으니 훨씬 편합니다 워치하고 같이 착용시 운동측정을 워치에서 하기때문에 배터리 사용시간을 더 길게 쓸 수 있다고 나와있는데 실제 일주일정도 착용했고 출근시간부타 퇴근 시간 (8시간반)정도는 워치와 같이 사용하고 그외시간은 링만 단독사용했으며 일요일날 충전을 했을때도 배터리는 좀 남아있었습니다
갤럭시링은 24시간 몸상태를 측정할 수 있고 워치보다 편하게 착용해서 쓸 수 있다는 장점이 있습니다 건강측정목적으로 구입해서 쓰기도 좋고 디자인도 깔끔하니 심플해서 좋습니다"
131,5,삼성전자 스마트링 구매한 사람입니다 처음에는 구매를 망설였습니다 왜냐하면 최초출시라 혹 약간 미완성이 아닐까 해서입니다 업그레이드해야한다는 등등 이죠 그러나 그건 기우였습니다 첨받구 지금까지 잘 사용하구있구요 내꺼 하나 와이프꺼 하나 사용중에 있습니다 나중에 문자나 카톡같은 거 시계처럼 나왔으면 좋겠습니다 그건 스마트링 투부터는 가능하겠죠 ㅎㅎ 잘 사용하겠습니다 좋아여 언릉 구매하세요 ㅋㅋ
132,5,"삼성의 스마트링인 갤럭시 링을 구입하고 사용해본 후기입니다.

디자인 면에서 가장 인상 깊었던 점은 무광 색상의 슬림한 외관이었습니다. 어떤 환경에서도 부담 없이 착용할 수 있었고, 일상에서 자연스럽게 잘 어울렸습니다. 특히 반지라면 걱정될 수 있는 무게와 크기가 매우 가볍고 슬림하게 설계되어 편안한 착용감을 느낄 수 있었습니다.

기능 면에서도 매우 만족스러웠습니다. 삼성 헬스와의 연동이 매우 정확하고 효과적이었습니다. 워치에 비해 더욱 정밀한 데이터 분석이 가능했고, 이를 토대로 건강 관리에 큰 도움을 받을 수 있었습니다. 또한 다른 스마트링 제품들과 달리 구독료 등의 추가 비용이 없어 부담 없이 오랫동안 사용할 예정입니다.

특히 워치와 동시에 사용할 경우 배터리 사용 시간이 크게 늘어나 편리했습니다. 스마트워치와 함께 활용하면 운동이나 일상 관리에 더욱 효과적이었습니다. 다양한 센서와 기능이 유기적으로 연동되어 건강 관리에 큰 도움을 주었습니다.

전반적으로 갤럭시 링은 디자인, 기능, 사용성 면에서 매우 만족스러운 제품이었습니다. 슬림하고 가벼운 디자인에 정밀한 건강 관리 기능까지 갖추고 있어 일상에서 편리하게 사용할 수 있었습니다. 갤럭시 워치와 함께 활용하면 더욱 효과적인 건강 관리가 가능할 것 같아 앞으로도 계속 사용해볼 계획입니다.

#삼성전자이벤트참여"
133,5,"0. 요약
갤럭시 워치의 간편 버전(알람제외)

1. 구매 이유
자유로운 손목으로 운동을 기록하기 위해 구매함. 

2. 만족스러운 부분
단독으로 기록 가능함.
스마트폰과 연결되어 있지 않더라도 운동이 기록되서 스마트폰을 가지고 다니지 않아도 됩니다. 
수면패턴이나 에너지 점수는 일주일의 기록이 필요해서 정확한 리뷰는 어렵지만, 건강한 생활에 매우 많은 동기부여가 될 것 같아서 기대됩니다. 

3. 아쉬운 부분
핀치 제스처 작동 안함.
S24 사용 중이고, 모든 소프트웨어가 최신인 상태지만, 너무 빨리 받아서 그런지 핀치 제스처로 카메라 셔터가 작동되지 않습니다. 팝업에서 시현했을 땐 어느 손가락에 착용해도 작동하고 빠르게 인식되었습니다. 이 부분은 제가 배송을 일찍 받아서 그런 것 같습니다. 


4. 디자인
무광에 심플한 디자인 만족함. 
생각보다 얇고, 덤벨 등을 들었을 때 불편하지 않아서 착용하고 운동해도 이질감이 없습니다. 

5. 배송
팝업에서 착용해봐서 사이즈 측정없이 바로 주문했습니다. 이 정도로 빨리 올 줄 몰라 얼떨떨했습니다. 금요일에 주문하고, 토요일 낮에 받았네요. 

경쟁기기(아우라링)와 다소 가격 차이가 있지만, 구독료 없이 사용할 수 있고, 삼성이니까 향후 지속적인 소프트웨어 업데이트를 통해 삼성헬스에서 다양한 정보를 받아볼 수 있을 것 같아 기대됩니다. 

#삼성전자이벤트참여 #기프트펀딩"
134,5,"착용했을 때 다른 손가락이 불편한가요?

=> 불편하지 않습니다. 제일 큰 호수를 구매하여 사용 중인데 중지에 착용했을 때 양쪽 다른 손가락이 전혀 불편하지 않습니다. 갤럭시링을 본인 손가락 호수에 맞게 선택을 ""잘""하셨다면 착용 후 불편함은 거의 없을 것으로 보입니다. 각이 있어서 걸리거나 긁힐 가능성이 없는 제품이어서 편하게 착용하였습니다. 

​

갤럭시 워치에 비해서 실시간 측정 속도가 빠른가요?

=> 심박수나 스트레스를 실시간 측정할 때 갤럭시 워치로 측정하는 것이 더 빠르게 결과가 나오는 경우가 많았습니다. 갤럭시링이 연결된 휴대폰에서 확인 시 측정 화면에서 1~100퍼센트로 쭉 올라가기보다는 1~25퍼센트 올라가다 살짝 멈추고 25~45 퍼센트 올라가다 살짝 멈추는 등 텀이 조금씩 있습니다. 

​

갤럭시링만으로는 시간을 확인하거나 다른 눈에 보이는 효과가 없는데 구매한 이유가 있나요?

=> 걸음수 체크나 운동 기록은 사실 휴대폰만으로도 가능합니다. 그리고 운동하면서 기록이나 날씨를 확인하기에는 갤럭시워치가 훨씬 낫습니다. 달리면서 카톡이나 문자 내용을 확인하는 것도 갤럭시워치가 훨씬 낫구요. 하지만 갤럭시링은 헬스케어 장치 중에서는 굉장히 가볍기 때문에 집중해서 업무를 보거나 운동을 하면서 건강 상태를 기록해 주는 부분이 좋습니다. 무엇보다 워치류를 착용하고 수면하는 경우 1~2시간 만에 결국은 워치를 풀어두어서 다음날 확인 시 1시간 수면체크만 볼 수 있는데 갤럭시링은 그냥 착용한 상태로 편하게 수면에 집중할 수 있어서 좋습니다. 

​

파손 가능성은 없나요?

=> 생활 유형(하는 일, 장소의 특성)에 따라서 다르겠지만 일반적인 학생이나 사무직의 직장인의 경우 파손 가능성은 낮아 보입니다. 그리고 삼성케어플러스 가격이 월 2천원대인 것으로 보아 합리적으로 케어받을 수 있다고 생각합니다. 과거 이러한 케어 요금제가 나왔을 때엔 낭비라고 생각을 했지만 이제는 기기의 사용범위와 사용기간이 늘어남에 따라 케어 프로그램이 필요해졌고 가격도 합리적으로 형성되어 있습니다. 오히려 매우 작고 가볍기 때문에 공공장소나 사람이 많은 곳에서 분실한다면 다시 찾을 수 있는 가능성이 매우 낮아보입니다. 특히 휴가철을 맞아 놀러간 풀밭이나 강가 등에서 잃어버린다면 정말 찾기 어려울 것으로 보입니다. 

​

한 가지 색상으로 지겹지 않을까요? 추천하는 색상이 있나요?

=> 이미 다양한 쇼핑 사이트에서 갤럭시링에 붙이는 다양한 색상의 필름을 판매하고 있습니다. 색상과 더불어 무광, 유광을 선택해서 주문하실 수 있습니다. 그리고 갤럭시링이 처음일 뿐 스마트링은 오래전부터 있어왔기 때문에 정품 혹은 호환되는 액세서리가 많이 판매될 것으로 보입니다. 그러한 액세서리를 다양하게 구비하여 사용하면 더 질리지 않고 오래 사용할 수 있을 것으로 보입니다. 

​

가격이 높은데 사용범위를 넓혀야 하지 않을까요? 

=> 이미 출시되어 있는 다른 스마트링과 같이 기록이나 사진이 눈이 보이는 패널을 붙이고 터치로 휴대폰 화면 조작이 가능한 부분을 원하시는 경우가 많은데요. 그렇게 되면 다시금 갤럭시워치가 그랬듯이 또 하나의 ""폰""이 되고 말 것이라는 생각이 듭니다. 더 빠른 프로세서 더 큰 용량을 집어 넣어서 ""단순하게 착용해서 건강관리를 도와주는 기기""에서 휴대폰를 따라가다 무거워진 ""워치""처럼 될 것 같다는 생각이 듭니다. 차라리 독서를 하면서도 여행을 하면서도 그저 적은 존재감으로 손가락에 착용되어서 묵묵히 건강관리를 해주는 지금 모양새가 딱 좋아보입니다. 작은 에세이 한권을 3시간 동안 읽는 동안 아무 소리도 진동도 없이 그저 나의 상태를 기록해주는 딱 이 정도 사용감에 크게 만족하고 있습니다. 

​

다른 저렴한 스마트링이 많은데 갤럭시링을 구입한 이유가 있나요?

=> 아시다시피 헬스케어를 포함한 웨어러블 기기를 구매하면 그 회사에서 제공하는 앱을 설치하고 ""개인정보 활용""에 ""동의""를 해야 연결된 기기를 사용할 수 있고 측정된 ""건강 기록""을 볼 수 있습니다. 하지만 정확하게 번역되지 않은 한국어 메뉴와 설명 내용이 난무하는 앱에서 ""동의""버튼을 터치하는 것이 항상 불안하고 찝찝하더라구요. 요즘에는 유투브에서 영상으로 앱 설치 시 나오는 화면을 자세하게 보여주는데 제 정보가 어디로 흘러갈지 도무지 알 수 없어서 최대한 불안하지 않는 선택을 한 것이 소위 말하는 자국 제품 브랜드인 삼성이었습니다. 무엇보다 은행 앱이나 공공기관 앱이 설치되어 있는 휴대폰에 또 하나의 위치정보, 건강정보 등의 민감한 개인정보를 요구하는 앱을 설치하는 것이 불안해서 삼성에서 스마트링 유형이 나오기를 기다렸고 최근에 구입하게 되었습니다. "
135,5,"광고 보고 구입을 했는데 생각보다 성능이 좋습니다  GPS 성능이 좋아서 운동을한  노선과 거리가 정확 합니다 
수면시간 측정도 잘됩니다 워치와 달리
착용하고 자도 편안해요
손 씻을때도 착용해도 불편함이 없습니다
배송 또한 빠르고 상담 문의를 해도 친절하게
설명도 해주셨습니다
감사합니다."
136,5,"매번 워치차고 수면측정 하는게 불편했는데 
이제는 링만 끼면 되니까 너무편해요~~ 
가볍고 배터리도 오래가요
케이스는 배터리가 내장되있고
 무선충전도가능하네요

 #삼성전자이벤트참여"
137,5,"생각보다 실물이 정말이쁩니다 가볍고 수면체크를
하기위해 구매했는데 정말좋네요 생각보다 디테일
하게 체크되는거같아요 솔직히 50만원대 가격이
라망설여었는데 너무좋네요 더써봐야알겠지만
기대이상이네요 워치도같이 쓰는게좋은거같아요
바로볼수도있고 잘쓰겠습니다"
